bookId;genres
52892857;classics&fiction&historical-fiction&feminism&lgbt&historical&queer&african-american&literature&novels
44767458;science-fiction&fiction&fantasy&classics&science-fiction-fantasy&audiobook&space-opera&novels&adventure&adult
41044096;young-adult&fiction&historical-fiction&classics&childrens&middle-grade&adventure&historical&school&survival
40940121;fiction&young-adult&classics&fantasy&childrens&middle-grade&realistic-fiction&school&contemporary&juvenile
40881621;fiction&poetry&classics&philosophy&literature&portugal&portuguese-literature&novels&20th-century&unfinished
40792344;christian&non-fiction&religion&theology&christianity&classics&philosophy&faith&spirituality&christian-living
40779082;history&non-fiction&war&world-war-i&military-fiction&military-history&politics&historical&european-history&world-history
40651883;science-fiction&fiction&cyberpunk&fantasy&science-fiction-fantasy&dystopia&novels&speculative-fiction&audiobook&classics
40605251;fantasy&fiction&historical-fiction&arthurian&mythology&classics&historical&science-fiction-fantasy&romance&magic
40604658;science-fiction&fiction&thriller&adventure&fantasy&horror&classics&science-fiction-fantasy&dinosaurs&adult
40495148;fiction&dystopia&science-fiction&classics&novels&literature&portugal&horror&portuguese-literature&nobel-prize
39280444;young-adult&fiction&contemporary&realistic-fiction&mental-health&teen&coming-of-age&high-school&school&banned-books
38374795;classics&fiction&historical-fiction&literature&british-literature&novels&20th-century&romance&literary-fiction&audiobook
36402034;science-fiction&fiction&classics&dystopia&cyberpunk&science-fiction-fantasy&fantasy&novels&speculative-fiction&american
36236124;fiction&classics&contemporary&thriller&novels&mystery&adult&literature&american&adult-fiction
36236123;fiction&contemporary&thriller&novels&humor&literature&american&dark&horror&audiobook
33648131;romance&fiction&chick-lit&contemporary&adult&adult-fiction&classics&contemporary-romance&love&drama
33574273;fantasy&fiction&classics&young-adult&science-fiction&childrens&middle-grade&time-travel&adventure&science-fiction-fantasy
33124137;horror&fiction&thriller&fantasy&audiobook&paranormal&adult&supernatural&mystery&suspense
28251250;fiction&classics&literature&novels&literary-fiction&american&contemporary&20th-century&science-fiction&the-united-states-of-america
25845273;christian&fiction&religion&classics&theology&christianity&fantasy&faith&christian-fiction&philosophy
18144590;fiction&classics&fantasy&philosophy&novels&spirituality&self-help&literature&adventure&audiobook
18114322;classics&fiction&historical-fiction&literature&novels&school&american&historical&classic-literature&high-school
17899948;classics&fiction&mystery&gothic&romance&historical-fiction&thriller&horror&mystery-thriller&audiobook
13079982;classics&fiction&science-fiction&dystopia&school&literature&novels&fantasy&audiobook&adult
10073506;fiction&mystery&thriller&espionage&classics&mystery-thriller&crime&suspense&spy-thriller&novels
8130077;fiction&christian&classics&religion&christianity&fantasy&theology&christian-fiction&faith&philosophy
7944648;fiction&contemporary&literary-fiction&adult-fiction&novels&literature&book-club&adult&suspense&drama
6088007;science-fiction&fiction&cyberpunk&classics&dystopia&science-fiction-fantasy&fantasy&novels&speculative-fiction&audiobook
5291314;classics&fiction&literature&adventure&novels&historical-fiction&british-literature&classic-literature&english-literature&20th-century
2247142;fiction&mystery&classics&thriller&crime&mystery-thriller&suspense&italy&novels&noir
968868;fantasy&science-fiction&fiction&science-fiction-fantasy&novels&literature&speculative-fiction&classics&post-apocalyptic&dark-fantasy
929782;classics&fiction&american&literature&novels&the-united-states-of-america&roman&adventure&20th-century&historical-fiction
853510;mystery&classics&fiction&crime&mystery-thriller&thriller&audiobook&detective&adult&murder-mystery
838729;fantasy&fiction&classics&adventure&high-fantasy&science-fiction-fantasy&epic-fantasy&audiobook&novels&literature
830502;horror&fiction&thriller&fantasy&audiobook&classics&mystery&adult&paranormal&supernatural
801754;history&philosophy&politics&non-fiction&classics&sociology&german-literature&world-history&historical&cultural
781787;non-fiction&africa&classics&memoir&biography&travel&history&biography-memoir&autobiography&kenya
776407;classics&childrens&fiction&fantasy&animals&audiobook&middle-grade&picture-books&young-adult&short-stories
762806;mystery&fiction&thriller&crime&russia&mystery-thriller&detective&espionage&suspense&historical-fiction
703292;historical-fiction&young-adult&fiction&classics&childrens&historical&middle-grade&witches&romance&school
676737;fiction&fantasy&classics&mythology&school&literature&novels&retellings&high-school&literary-fiction
616828;classics&fiction&literature&school&africa&historical-fiction&novels&read-for-school&high-school&classic-literature
612188;psychology&non-fiction&philosophy&biography&memoir&spirituality&autobiography&psychoanalysis&science&history
592657;fiction&classics&thriller&horror&adventure&literature&novels&southern&literary-fiction&suspense
588138;non-fiction&mythology&philosophy&psychology&writing&history&religion&classics&anthropology&spirituality
586472;non-fiction&history&space&science&biography&american-history&classics&aviation&adventure&journalism
567678;fiction&horror&thriller&contemporary&mystery&classics&dark&scotland&novels&literature
561909;non-fiction&biography&history&christian&memoir&classics&holocaust&world-war-ii&historical&biography-memoir
546018;historical-fiction&fiction&classics&historical&african-american&africa&race&audiobook&literature&novels
541803;mystery&fiction&classics&short-stories&crime&mystery-thriller&literature&detective&historical-fiction&british-literature
540020;fiction&thriller&mystery&crime&espionage&historical-fiction&suspense&mystery-thriller&classics&novels
530965;science-fiction&fiction&classics&horror&post-apocalyptic&dystopia&fantasy&science-fiction-fantasy&apocalyptic&novels
529626;fiction&classics&literature&novels&literary-fiction&american&historical-fiction&the-united-states-of-america&americana&contemporary
527756;fiction&classics&philosophy&literature&german-literature&novels&historical-fiction&20th-century&germany&literary-fiction
517188;fiction&classics&historical-fiction&scotland&novels&british-literature&literary-fiction&20th-century&literature&modern-classics
485894;classics&fiction&fantasy&philosophy&literature&short-stories&school&horror&german-literature&novels
480204;classics&fiction&horror&romance&gothic&mystery&historical-fiction&france&fantasy&literature
472331;graphic-novels&comics&fiction&science-fiction&fantasy&graphic-novels-comics&comic-book&classics&superheroes&dystopia
469571;fiction&westerns&historical-fiction&classics&literature&novels&literary-fiction&american&contemporary&adventure
464260;non-fiction&essays&classics&race&history&politics&social-justice&memoir&african-american&audiobook
460635;fiction&magical-realism&literary-fiction&historical-fiction&contemporary&fantasy&literature&novels&20th-century&book-club
457264;feminism&non-fiction&philosophy&classics&womens&france&gender&sociology&politics&gender-studies
426504;fiction&short-stories&classics&magical-realism&fantasy&literature&spanish-literature&philosophy&latin-american&20th-century
420282;picture-books&childrens&christmas&fiction&fantasy&classics&holiday&adventure&kids&juvenile
412732;fiction&classics&literature&novels&travel&american&philosophy&buddhism&adventure&spirituality
403098;plays&classics&drama&historical-fiction&fiction&literature&school&theatre&historical&religion
402093;historical-fiction&fiction&japan&historical&classics&adventure&asia&literature&novels&japanese-literature
395182;fiction&classics&humor&british-literature&literature&novels&20th-century&comedy&literary-fiction&modern-classics
395090;poetry&classics&feminism&fiction&20th-century&american&literature&mental-health&womens&adult
394535;fiction&historical-fiction&westerns&classics&literature&horror&novels&american&historical&literary-fiction
393199;non-fiction&classics&memoir&biography&travel&history&literature&france&autobiography&politics
386187;non-fiction&true-crime&mystery&crime&history&classics&southern&audiobook&travel&memoir
386162;science-fiction&fiction&humor&classics&fantasy&comedy&science-fiction-fantasy&audiobook&adventure&novels
375802;science-fiction&fiction&young-adult&fantasy&classics&science-fiction-fantasy&dystopia&war&audiobook&adventure
375013;history&non-fiction&classics&holocaust&war&historical&world-war-ii&biography&literature&media-tie-in
374233;fiction&classics&italian-literature&magical-realism&literature&italy&novels&books-about-books&literary-fiction&20th-century
373755;classics&fiction&literature&novels&american&historical-fiction&southern-gothic&southern&20th-century&literary-fiction
370493;childrens&classics&fiction&picture-books&poetry&young-adult&fantasy&juvenile&kids&short-stories
368916;non-fiction&books-about-books&memoir&classics&biography&biography-memoir&british-literature&history&audiobook&historical
368772;fiction&historical-fiction&classics&war&world-war-ii&military-fiction&literature&historical&novels&literary-fiction
357636;psychology&philosophy&non-fiction&classics&psychoanalysis&sociology&theory&history&politics&school
355697;classics&fiction&historical-fiction&war&historical&literature&school&german-literature&world-war-i&novels
334176;science-fiction&fiction&fantasy&religion&science-fiction-fantasy&speculative-fiction&aliens&adult&book-club&novels
333867;science-fiction&fiction&classics&cyberpunk&science-fiction-fantasy&space-opera&fantasy&novels&space&speculative-fiction
333538;fiction&classics&literature&german-literature&novels&philosophy&czech-literature&20th-century&dystopia&literary-fiction
332613;classics&fiction&psychology&literature&novels&mental-health&school&american&literary-fiction&mental-illness
331319;classics&fiction&literature&historical-fiction&american&novels&banned-books&crime&20th-century&classic-literature
327847;cookbooks&cooking&food&non-fiction&reference&classics&culinary&food-and-drink&foodie&how-to
321552;historical-fiction&fiction&art&classics&italy&historical&art-history&literature&biography-memoir&novels
321538;poetry&classics&literature&fiction&british-literature&20th-century&anthologies&collections&queer&lgbt
318742;non-fiction&history&classics&race&essays&sociology&african-american&philosophy&politics&social-justice
310612;fiction&classics&humor&literature&comedy&novels&american&literary-fiction&audiobook&contemporary
310146;historical-fiction&young-adult&fiction&middle-grade&adventure&historical&childrens&classics&school&read-for-school
306654;fiction&historical-fiction&classics&southern&historical&adult-fiction&coming-of-age&adult&young-adult&audiobook
298275;philosophy&fiction&classics&france&literature&french-literature&novels&20th-century&nobel-prize&literary-fiction
296662;history&non-fiction&education&politics&american-history&historical&teaching&social-justice&sociology&reference
294459;fiction&classics&literature&novels&american&short-stories&20th-century&literary-fiction&novella&the-united-states-of-america
292408;fiction&historical-fiction&classics&westerns&literature&literary-fiction&novels&historical&book-club&audiobook
285092;fiction&music&contemporary&humor&romance&novels&british-literature&literature&comedy&adult-fiction
284996;short-stories&fiction&classics&literature&southern-gothic&southern&american&literary-fiction&20th-century&gothic
278097;science-fiction&fiction&classics&fantasy&science-fiction-fantasy&novels&space-opera&philosophy&americana&the-united-states-of-america
256008;fiction&historical-fiction&westerns&classics&historical&adventure&novels&literature&audiobook&american
252577;non-fiction&memoir&biography&classics&ireland&autobiography&biography-memoir&history&irish-literature&historical
251688;classics&fiction&short-stories&romance&american&literature&audiobook&novels&new-york&20th-century
248596;horror&fantasy&fiction&classics&science-fiction&young-adult&halloween&audiobook&mystery&science-fiction-fantasy
243705;fiction&classics&horror&thriller&crime&mystery&novels&literature&british-literature&mystery-thriller
240130;picture-books&childrens&fantasy&fiction&dragons&fairy-tales&classics&humor&feminism&canada
233667;horror&fiction&thriller&science-fiction&fantasy&paranormal&suspense&supernatural&audiobook&adult
233093;childrens&picture-books&classics&fiction&poetry&fantasy&humor&animals&kids&cats
231804;classics&young-adult&fiction&school&read-for-school&realistic-fiction&coming-of-age&historical-fiction&contemporary&childrens
228665;fiction&fantasy&epic-fantasy&high-fantasy&science-fiction-fantasy&audiobook&adventure&adult&magic&epic
228630;classics&non-fiction&memoir&biography&african-american&race&autobiography&history&school&literature
228560;fiction&classics&historical-fiction&holocaust&war&historical&world-war-ii&banned-books&literature&novels
227711;fiction&contemporary&literary-fiction&novels&adult-fiction&mental-illness&mental-health&adult&psychology&drama
227463;classics&fiction&science-fiction&dystopia&literature&horror&novels&modern-classics&crime&british-literature
227443;fiction&chick-lit&romance&humor&contemporary&comedy&adult&adult-fiction&british-literature&contemporary-romance
227265;fiction&philosophy&spirituality&classics&fantasy&environment&novels&literature&religion&school
219205;fantasy&fiction&science-fiction-fantasy&epic-fantasy&science-fiction&high-fantasy&adventure&young-adult&epic&unfinished
218659;short-stories&fiction&classics&literature&southern-gothic&american&southern&literary-fiction&audiobook&20th-century
216363;science-fiction&fiction&classics&dystopia&alternate-history&historical-fiction&fantasy&science-fiction-fantasy&novels&speculative-fiction
210834;classics&fiction&india&historical-fiction&adventure&literature&novels&historical&british-literature&asia
210404;non-fiction&nature&science&environment&classics&philosophy&essays&ecology&natural-history&history
205476;plays&classics&drama&fiction&theatre&school&read-for-school&high-school&historical-fiction&literature
191940;fiction&classics&german-literature&literature&philosophy&novels&20th-century&roman&germany&literary-fiction
191139;childrens&picture-books&fiction&classics&poetry&fantasy&young-adult&inspirational&kids&humor
188572;classics&mystery&fiction&crime&short-stories&detective&literature&audiobook&mystery-thriller&historical-fiction
187181;fiction&classics&historical-fiction&young-adult&jewish&religion&school&literature&judaism&novels
179780;horror&fiction&classics&paranormal&thriller&supernatural&fantasy&religion&audiobook&adult
179033;fantasy&fiction&epic-fantasy&science-fiction-fantasy&science-fiction&high-fantasy&adventure&epic&magic&speculative-fiction
174834;christian&theology&christianity&religion&non-fiction&faith&christian-living&discipleship&spirituality&classics
172732;non-fiction&travel&biography&history&memoir&politics&autobiography&adventure&biography-memoir&classics
170448;classics&fiction&dystopia&fantasy&school&politics&literature&science-fiction&novels&read-for-school
169718;fiction&classics&literature&novels&american&20th-century&literary-fiction&historical-fiction&classic-literature&nobel-prize
168668;classics&fiction&historical-fiction&war&humor&literature&novels&american&historical&unfinished
168642;non-fiction&classics&true-crime&crime&mystery&history&thriller&literature&audiobook&american
166997;fiction&classics&literature&historical-fiction&novels&american&literary-fiction&the-united-states-of-america&20th-century&modern-classics
164154;science-fiction&fiction&post-apocalyptic&classics&dystopia&fantasy&science-fiction-fantasy&religion&speculative-fiction&apocalyptic
163977;fiction&classics&literature&historical-fiction&novels&american&20th-century&literary-fiction&the-united-states-of-america&classic-literature
159835;classics&non-fiction&philosophy&biography&essays&classic-literature&nature&inspirational&spirituality&poetry
159178;historical-fiction&fiction&civil-war&historical&war&classics&romance&american-civil-war&adult&epic
158420;self-help&non-fiction&psychology&reference&spirituality&health&mental-health&religion&classics&inspirational
157993;classics&fiction&fantasy&childrens&france&philosophy&young-adult&literature&middle-grade&french-literature
152380;classics&fantasy&childrens&fiction&middle-grade&audiobook&young-adult&magic&juvenile&adventure
149267;horror&fiction&fantasy&science-fiction&post-apocalyptic&thriller&dystopia&audiobook&apocalyptic&classics
146746;historical-fiction&fiction&india&classics&historical&20th-century&literature&asia&british-literature&novels
144974;classics&childrens&fiction&picture-books&fantasy&animals&young-adult&short-stories&juvenile&middle-grade
140963;classics&fiction&historical-fiction&literature&american&historical&novels&westerns&20th-century&classic-literature
140225;fantasy&fiction&classics&young-adult&childrens&adventure&christian&middle-grade&christian-fiction&science-fiction-fantasy
138959;classics&childrens&fiction&fantasy&animals&middle-grade&young-adult&chapter-books&adventure&juvenile
136116;classics&historical-fiction&fiction&romance&adventure&historical&mystery&france&literature&french-revolution
135836;fiction&contemporary&classics&scotland&novels&crime&literature&british-literature&thriller&20th-century
135479;fiction&classics&science-fiction&humor&literature&novels&dystopia&american&fantasy&20th-century
133518;fiction&historical-fiction&classics&war&short-stories&school&historical&military-fiction&literature&read-for-school
133430;historical-fiction&fiction&historical&westerns&classics&adventure&novels&epic&american-history&literature
133380;poetry&classics&feminism&womens&fiction&queer&literature&american&20th-century&lgbt
130580;classics&fiction&young-adult&childrens&animals&historical-fiction&dogs&middle-grade&school&realistic-fiction
130440;classics&fiction&historical-fiction&russia&russian-literature&literature&romance&historical&novels&war
124509;fiction&mystery&crime&thriller&denmark&scandinavian-literature&mystery-thriller&danish&contemporary&suspense
121749;fantasy&classics&fiction&young-adult&childrens&adventure&christian&middle-grade&christian-fiction&audiobook
119324;fantasy&young-adult&fiction&childrens&adventure&science-fiction&audiobook&science-fiction-fantasy&steampunk&middle-grade
119322;fantasy&young-adult&fiction&childrens&adventure&middle-grade&science-fiction&classics&audiobook&steampunk
119073;fiction&historical-fiction&mystery&classics&historical&literature&italian-literature&italy&crime&novels
118389;poetry&classics&fiction&literature&school&20th-century&american&college&read-for-school&classic-literature
117833;classics&fiction&russia&fantasy&russian-literature&magical-realism&literature&novels&historical-fiction&20th-century
113946;childrens&picture-books&christmas&classics&fiction&poetry&fantasy&holiday&humor&kids
112537;science-fiction&fiction&classics&science-fiction-fantasy&space&novels&hugo-awards&audiobook&aliens&fantasy
110737;non-fiction&history&biography&sports&animals&horses&historical&biography-memoir&audiobook&american-history
107301;fiction&historical-fiction&classics&australia&romance&war&historical&world-war-ii&literature&novels
106264;historical-fiction&childrens&fiction&classics&middle-grade&young-adult&historical&juvenile&school&chapter-books
105986;fiction&humor&classics&comedy&british-literature&audiobook&literature&novels&20th-century&historical-fiction
103159;classics&fiction&historical-fiction&british-literature&literature&romance&historical&novels&classic-literature&nobel-prize
101299;fiction&historical-fiction&classics&german-literature&romance&holocaust&historical&germany&war&world-war-ii
100933;fiction&science-fiction&fantasy&christian&classics&christian-fiction&science-fiction-fantasy&christianity&religion&literature
100915;fantasy&classics&fiction&young-adult&childrens&middle-grade&adventure&christian&magic&christian-fiction
99664;classics&fiction&historical-fiction&romance&china&literature&british-literature&historical&asia&audiobook
99208;fiction&nature&environment&classics&humor&politics&novels&adventure&literature&ecology
99107;classics&childrens&fiction&fantasy&animals&middle-grade&audiobook&picture-books&young-adult&juvenile
98573;picture-books&childrens&fiction&classics&fantasy&art&kids&adventure&juvenile&young-adult
97333;fiction&classics&ireland&irish-literature&novels&humor&literature&fantasy&20th-century&literary-fiction
96123;history&non-fiction&politics&journalism&american-history&true-crime&classics&historical&presidents&biography
95819;poetry&classics&fiction&literature&american&20th-century&anthologies&classic-literature&unfinished&school
93575;mystery&fiction&classics&crime&romance&mystery-thriller&british-literature&detective&historical-fiction&audiobook
93405;fiction&classics&german-literature&poetry&literature&philosophy&novels&20th-century&germany&literary-fiction
92780;fiction&classics&humor&historical-fiction&british-literature&comedy&20th-century&literature&novels&historical
92517;plays&classics&fiction&drama&theatre&school&literature&read-for-school&high-school&american
92508;fiction&classics&historical-fiction&literature&novels&american&literary-fiction&20th-century&religion&historical
92307;philosophy&non-fiction&classics&psychology&german-literature&theory&science&metaphysics&germany&academic
92057;non-fiction&biography&history&memoir&autobiography&politics&race&classics&biography-memoir&african-american
91661;mystery&fiction&historical-fiction&historical&mystery-thriller&crime&historical-mystery&audiobook&adult&british-literature
89724;horror&classics&fiction&gothic&mystery&audiobook&thriller&adult&mystery-thriller&novels
89717;horror&classics&fiction&gothic&mystery&paranormal&audiobook&thriller&ghosts&adult
88432;fiction&russia&classics&historical-fiction&russian-literature&war&literature&world-war-ii&novels&20th-century
88077;fiction&classics&german-literature&literature&philosophy&novels&germany&20th-century&nobel-prize&literary-fiction
87985;fiction&historical-fiction&war&italy&world-war-i&historical&literature&novels&literary-fiction&military-fiction
85386;fiction&classics&literature&novels&american&literary-fiction&banned-books&20th-century&contemporary&the-united-states-of-america
84981;fantasy&classics&young-adult&fiction&childrens&middle-grade&school&historical-fiction&romance&read-for-school
84119;fiction&young-adult&childrens&adventure&middle-grade&classics&christian-fiction&audiobook&science-fiction-fantasy&magic
80890;classics&fiction&german-literature&germany&historical-fiction&literature&novels&nobel-prize&20th-century&historical
80616;mystery&fiction&classics&crime&noir&mystery-thriller&detective&thriller&novels&american
80410;poetry&classics&fiction&literature&20th-century&philosophy&american&british-literature&nobel-prize&christianity
80176;fiction&classics&short-stories&literature&american&literary-fiction&20th-century&novels&americana&the-united-states-of-america
79834;historical-fiction&art&fiction&classics&historical&biography-memoir&literature&novels&art-history&american
78433;fiction&historical-fiction&mystery&canada&literary-fiction&classics&contemporary&literature&historical&science-fiction
78411;fiction&young-adult&childrens&fantasy&middle-grade&mystery&adventure&audiobook&humor&juvenile
78039;childrens&fiction&middle-grade&classics&young-adult&realistic-fiction&humor&chapter-books&juvenile&family
78024;fiction&classics&russia&russian-literature&historical-fiction&literature&war&nobel-prize&novels&20th-century
77767;classics&historical-fiction&childrens&fiction&young-adult&historical&middle-grade&juvenile&audiobook&family
77727;comics&humor&graphic-novels&fiction&childrens&comedy&graphic-novels-comics&classics&comic-book&comic-strips
77566;science-fiction&fiction&fantasy&space-opera&science-fiction-fantasy&audiobook&time-travel&horror&classics&space
77554;fiction&canada&historical-fiction&literary-fiction&literature&novels&classics&contemporary&canadian-literature&womens
77390;classics&fiction&young-adult&historical-fiction&childrens&historical&romance&audiobook&canada&middle-grade
77287;fiction&classics&historical-fiction&literature&nobel-prize&novels&scandinavian-literature&literary-fiction&20th-century&historical
77163;fiction&historical-fiction&germany&world-war-ii&historical&holocaust&war&literary-fiction&book-club&adult-fiction
77156;fiction&literary-fiction&contemporary&novels&literature&adult-fiction&book-club&adult&family&american
77142;fiction&historical-fiction&mystery&historical&literature&literary-fiction&novels&romance&classics&adult-fiction
77013;classics&fiction&literature&novels&american&school&southern-gothic&literary-fiction&20th-century&southern
76889;poetry&classics&fiction&literature&american&20th-century&the-united-states-of-america&anthologies&poetry-plays&collections
76778;science-fiction&fiction&classics&short-stories&fantasy&science-fiction-fantasy&audiobook&american&space&literature
76620;classics&fiction&fantasy&young-adult&animals&childrens&adventure&literature&novels&audiobook
76401;history&non-fiction&american-history&classics&historical&politics&race&war&westerns&native-americans
76171;fiction&science-fiction&classics&dystopia&russia&russian-literature&literature&novels&20th-century&science-fiction-fantasy
74406;fiction&canada&classics&historical-fiction&literature&literary-fiction&novels&canadian-literature&school&historical
72657;education&non-fiction&philosophy&politics&theory&social-justice&teaching&sociology&history&academic
72579;historical-fiction&fiction&mystery&historical&canada&classics&literary-fiction&crime&literature&novels
72159;plays&classics&drama&fiction&theatre&american&20th-century&literature&school&southern
72003;plays&drama&lgbt&fiction&queer&theatre&classics&gay&school&fantasy
71728;fiction&classics&philosophy&fantasy&spirituality&inspirational&self-help&literature&novels&animals
70561;history&non-fiction&classics&russia&politics&biography&russian-literature&literature&memoir&philosophy
70401;classics&fiction&travel&literature&novels&american&adventure&modern-classics&20th-century&the-united-states-of-america
68811;fantasy&fiction&classics&childrens&german-literature&young-adult&middle-grade&novels&literature&adventure
68783;non-fiction&memoir&psychology&mental-health&biography&mental-illness&classics&biography-memoir&autobiography&contemporary
65605;fantasy&classics&fiction&young-adult&childrens&middle-grade&adventure&christian&audiobook&christian-fiction
64216;fantasy&fiction&humor&comedy&dragons&science-fiction-fantasy&audiobook&magic&high-fantasy&novels
63913;fiction&poetry&short-stories&classics&novels&american&literature&humor&20th-century&the-united-states-of-america
63697;non-fiction&psychology&science&medicine&neuroscience&medical&short-stories&mental-health&essays&health
63033;fiction&novels&spanish-literature&latin-american&literature&literary-fiction&contemporary&latin-american-literature&20th-century&unfinished
61975;fantasy&science-fiction&dragons&fiction&science-fiction-fantasy&young-adult&high-fantasy&time-travel&adventure&romance
61666;science-fiction&fiction&classics&science-fiction-fantasy&space&novels&fantasy&audiobook&aliens&astronomy
61539;science&philosophy&non-fiction&history&sociology&history-of-science&classics&physics&academic&theory
61535;science&non-fiction&biology&evolution&philosophy&psychology&popular-science&genetics&audiobook&history
60931;historical-fiction&fiction&science-fiction&fantasy&time-travel&classics&historical&audiobook&race&african-american
59960;comics&graphic-novels&batman&fiction&comic-book&graphic-novels-comics&dc-comics&superheroes&fantasy&crime
59716;classics&fiction&literature&novels&feminism&20th-century&british-literature&literary-fiction&school&modern-classics
59219;horror&fantasy&fiction&thriller&adventure&mystery&supernatural&audiobook&paranormal&science-fiction
57913;fiction&science-fiction&fantasy&humor&philosophy&conspiracy-theories&novels&occult&science-fiction-fantasy&politics
57586;fiction&historical-fiction&classics&literature&historical&novels&scandinavian-literature&westerns&americana&the-united-states-of-america
56674;fiction&historical-fiction&war&china&classics&historical&world-war-ii&japan&asia&novels
56373;historical-fiction&fiction&lgbt&romance&queer&historical&lesbian&adult&victorian&gay
56034;fiction&classics&historical-fiction&romance&literature&historical&british-literature&novels&literary-fiction&20th-century
55428;non-fiction&history&biography&memoir&war&world-war-i&classics&autobiography&biography-memoir&20th-century
55403;history&non-fiction&military-fiction&war&military-history&africa&historical&american-history&politics&somalia
55030;science&non-fiction&physics&astronomy&history&space&philosophy&classics&popular-science&audiobook
54270;history&non-fiction&biography&politics&philosophy&classics&autobiography&war&historical&memoir
53969;fiction&historical-fiction&novels&spanish-literature&latin-american&nobel-prize&literature&classics&latin-american-literature&politics
53835;classics&fiction&historical-fiction&romance&literature&american&historical&novels&new-york&20th-century
53413;fiction&classics&spanish-literature&literature&latin-american&novels&magical-realism&latin-american-literature&20th-century&unfinished
53064;classics&fiction&short-stories&german-literature&literature&germany&lgbt&20th-century&novels&queer
53022;poetry&classics&irish-literature&fiction&ireland&literature&20th-century&19th-century&nobel-prize&classic-literature
51606;fiction&classics&war&historical-fiction&horror&literature&novels&world-war-i&politics&historical
51504;fiction&classics&novels&literature&american&humor&contemporary&20th-century&poetry&the-united-states-of-america
50833;fiction&classics&chick-lit&romance&contemporary&novels&adult&new-york&historical-fiction&drama
50275;fiction&classics&new-york&american&novels&literature&contemporary&thriller&dark&literary-fiction
50181;classics&fiction&literature&adult&essays&school&historical-fiction
49552;classics&fiction&philosophy&france&literature&novels&french-literature&school&literary-fiction&20th-century
49256;humor&non-fiction&classics&reference&language&philosophy&comedy&literature&american&dictionaries
48464;short-stories&fiction&classics&southern-gothic&literature&southern&american&gothic&literary-fiction&20th-century
48328;fiction&classics&historical-fiction&novels&american&literature&literary-fiction&contemporary&the-united-states-of-america&20th-century
48132;non-fiction&memoir&biography&humor&animals&travel&classics&nature&greece&autobiography
47401;fiction&romance&magical-realism&france&fantasy&contemporary&historical-fiction&food&chick-lit&adult
47281;historical-fiction&young-adult&fiction&classics&childrens&historical&middle-grade&holocaust&school&world-war-ii
46799;young-adult&fiction&classics&contemporary&mental-health&realistic-fiction&banned-books&teen&coming-of-age&psychology
46654;science-fiction&fiction&classics&science-fiction-fantasy&fantasy&space-opera&literature&novels&speculative-fiction&space
46456;fiction&feminism&classics&womens&novels&contemporary&literature&gender&20th-century&adult
46231;poetry&short-stories&fiction&classics&humor&essays&literature&20th-century&anthologies&womens
46201;poetry&classics&german-literature&literature&fiction&philosophy&20th-century&germany&religion&adult
46199;philosophy&writing&german-literature&essays&literature&classics&fiction&poetry&audiobook&germany
46170;classics&fiction&historical-fiction&literature&war&novels&american&spain&classic-literature&literary-fiction
46165;classics&fiction&literature&novels&american&romance&historical-fiction&20th-century&classic-literature&literary-fiction
46164;classics&fiction&literature&romance&american&novels&20th-century&literary-fiction&france&modern-classics
45195;classics&fiction&india&historical-fiction&literature&novels&british-literature&20th-century&historical&literary-fiction
43945;fiction&classics&novels&literature&american&humor&jewish&literary-fiction&the-united-states-of-america&20th-century
43916;fantasy&fiction&epic-fantasy&high-fantasy&magic&science-fiction-fantasy&adventure&young-adult&epic&childrens
43889;fantasy&fiction&epic-fantasy&high-fantasy&science-fiction-fantasy&magic&adventure&romance&adult&epic
43814;horror&fantasy&vampires&fiction&paranormal&supernatural&gothic&urban-fantasy&historical-fiction&adult
43763;horror&fantasy&fiction&vampires&paranormal&classics&gothic&supernatural&historical-fiction&urban-fantasy
43758;horror&fantasy&vampires&fiction&paranormal&supernatural&urban-fantasy&gothic&adult&science-fiction-fantasy
43615;fantasy&fiction&horror&science-fiction&westerns&audiobook&adventure&science-fiction-fantasy&thriller&post-apocalyptic
43545;fantasy&classics&fiction&historical-fiction&arthurian&mythology&young-adult&science-fiction-fantasy&literature&historical
43448;fiction&horror&young-adult&classics&mystery&gothic&thriller&romance&drama&adult
43035;classics&fiction&adventure&animals&young-adult&historical-fiction&literature&childrens&novels&american
42697;historical-fiction&fiction&classics&historical&israel&jewish&war&novels&literature&holocaust
42696;historical-fiction&fiction&ireland&historical&irish-literature&classics&war&novels&literature&adult-fiction
42692;historical-fiction&fiction&holocaust&historical&world-war-ii&war&jewish&classics&poland&literature
42603;non-fiction&history&memoir&classics&biography&race&african-american&sociology&biography-memoir&autobiography
41804;science-fiction&fiction&classics&short-stories&science-fiction-fantasy&fantasy&robots&audiobook&novels&speculative-fiction
41681;classics&fiction&historical-fiction&literature&politics&school&novels&historical&banned-books&classic-literature
40425;classics&fiction&adventure&fantasy&africa&pulp&science-fiction&historical-fiction&literature&novels
40189;travel&non-fiction&memoir&france&biography&food&humor&biography-memoir&autobiography&travelogue
40024;historical-fiction&mystery&fiction&thriller&crime&historical&mystery-thriller&horror&historical-mystery&suspense
39988;childrens&fiction&classics&fantasy&middle-grade&young-adult&humor&audiobook&magic&school
39926;feminism&non-fiction&sociology&psychology&womens&gender&gender-studies&politics&philosophy&self-help
39662;horror&fiction&short-stories&thriller&mystery&fantasy&drama&classics&suspense&anthologies
39058;fantasy&fiction&classics&gothic&horror&novels&literature&science-fiction-fantasy&science-fiction&speculative-fiction
38787;fiction&classics&magical-realism&spanish-literature&latin-american&novels&literature&latin-american-literature&fantasy&20th-century
38723;feminism&non-fiction&classics&history&womens&philosophy&sociology&politics&gender&gender-studies
38709;young-adult&fiction&middle-grade&childrens&classics&realistic-fiction&school&mystery&adventure&contemporary
38503;fiction&short-stories&poetry&classics&american&literature&the-united-states-of-america&contemporary&americana&novels
38447;fiction&classics&dystopia&science-fiction&feminism&fantasy&adult&audiobook&literature&novels
38180;fiction&science-fiction&classics&post-apocalyptic&dystopia&apocalyptic&australia&war&novels&literature
38169;fiction&science-fiction&post-apocalyptic&classics&dystopia&apocalyptic&survival&science-fiction-fantasy&audiobook&war
37781;fiction&classics&historical-fiction&africa&school&literature&nigeria&novels&read-for-school&historical
37732;young-adult&fiction&childrens&classics&middle-grade&coming-of-age&realistic-fiction&banned-books&contemporary&juvenile
37677;classics&fiction&adventure&animals&literature&historical-fiction&young-adult&dogs&historical&novels
37415;classics&fiction&historical-fiction&school&african-american&literature&feminism&novels&read-for-school&historical
37380;fiction&classics&literature&novels&historical-fiction&american&literary-fiction&southern&southern-gothic&coming-of-age
37095;fiction&historical-fiction&romance&chick-lit&british-literature&historical&contemporary&family&novels&adult-fiction
35519;non-fiction&mythology&philosophy&history&religion&psychology&spirituality&classics&anthropology&writing
34527;fantasy&fiction&humor&comedy&science-fiction-fantasy&mystery&audiobook&high-fantasy&young-adult&british-literature
34440;fiction&classics&german-literature&literature&germany&music&novels&20th-century&literary-fiction&historical-fiction
34268;classics&fantasy&fiction&childrens&adventure&young-adult&middle-grade&audiobook&fairy-tales&literature
34080;poetry&classics&fiction&literature&20th-century&school&american&college&british-literature&read-for-school
34053;classics&fiction&short-stories&childrens&fantasy&animals&young-adult&literature&british-literature&india
33609;historical-fiction&fiction&romance&historical&classics&medieval&british-literature&historical-romance&14th-century&audiobook
32929;childrens&picture-books&classics&fiction&poetry&kids&animals&juvenile&young-adult&storytime
32769;horror&fiction&fantasy&short-stories&classics&science-fiction&lovecraftian&cthulhu-mythos&weird-fiction&literature
32682;fiction&thriller&mystery&suspense&espionage&action&military-fiction&adventure&mystery-thriller&spy-thriller
32542;fiction&thriller&mystery&crime&suspense&legal-thriller&mystery-thriller&novels&adult-fiction&adult
32499;fiction&mystery&thriller&crime&suspense&legal-thriller&mystery-thriller&law&novels&adult-fiction
32234;fiction&contemporary&coming-of-age&drama&adult-fiction&literary-fiction&chick-lit&adult&novels&young-adult
32085;non-fiction&animals&memoir&classics&biography&humor&autobiography&biography-memoir&audiobook&british-literature
32071;classics&fiction&literature&novels&british-literature&romance&20th-century&classic-literature&banned-books&english-literature
32049;classics&fiction&romance&literature&banned-books&historical-fiction&novels&erotica&british-literature&20th-century
31196;fiction&classics&literature&philosophy&novels&historical-fiction&literary-fiction&british-literature&20th-century&france
31122;classics&fiction&young-adult&historical-fiction&romance&coming-of-age&historical&british-literature&novels&audiobook
30933;classics&fiction&historical-fiction&literature&british-literature&novels&lgbt&20th-century&literary-fiction&historical
30868;fiction&contemporary&literary-fiction&novels&classics&adult-fiction&adult&school&literature&realistic-fiction
30119;poetry&childrens&classics&fiction&humor&young-adult&picture-books&middle-grade&juvenile&fantasy
30118;poetry&childrens&classics&fiction&humor&young-adult&picture-books&banned-books&middle-grade&juvenile
29999;mystery&fiction&classics&crime&noir&detective&mystery-thriller&thriller&audiobook&novels
29946;fiction&philosophy&spirituality&fantasy&classics&religion&self-help&inspirational&novels&literature
29641;fiction&classics&romance&audiobook&literature&novels&british-literature&literary-fiction&20th-century&religion
29581;science-fiction&fiction&classics&science-fiction-fantasy&space-opera&fantasy&novels&space&audiobook&speculative-fiction
29579;science-fiction&fiction&classics&science-fiction-fantasy&fantasy&space-opera&novels&space&audiobook&speculative-fiction
29209;non-fiction&memoir&biography&race&african-american&biography-memoir&school&autobiography&book-club&audiobook
29127;fantasy&fiction&classics&young-adult&graphic-novels&childrens&adventure&science-fiction-fantasy&magic&unicorns
29044;fiction&mystery&classics&contemporary&thriller&literary-fiction&mystery-thriller&adult&crime&novels
28921;fiction&historical-fiction&classics&literary-fiction&historical&literature&novels&british-literature&contemporary&audiobook
28859;fiction&religion&historical-fiction&portugal&literature&portuguese-literature&nobel-prize&novels&classics&philosophy
28676;fiction&horror&classics&thriller&crime&contemporary&novels&literature&american&mystery
27333;non-fiction&science&environment&nature&classics&ecology&history&politics&biology&sustainability
27323;history&non-fiction&war&classics&japan&world-war-ii&historical&journalism&asia&school
27208;fiction&ireland&irish-literature&fantasy&classics&humor&novels&literature&mystery&20th-century
24983;science-fiction&time-travel&historical-fiction&fiction&fantasy&historical&science-fiction-fantasy&medieval&audiobook&speculative-fiction
24861;fiction&classics&philosophy&german-literature&literature&novels&germany&coming-of-age&20th-century&spirituality
24830;science-fiction&short-stories&fiction&classics&fantasy&horror&science-fiction-fantasy&literature&anthologies&audiobook
24800;horror&fiction&fantasy&mystery&thriller&contemporary&novels&adult&literature&paranormal
24731;fiction&contemporary&book-club&school&literary-fiction&novels&literature&audiobook&american&adult-fiction
24337;fantasy&young-adult&fiction&romance&middle-grade&childrens&fairy-tales&retellings&magic&adventure
24178;classics&fiction&childrens&fantasy&young-adult&middle-grade&animals&school&chapter-books&juvenile
24113;science&non-fiction&philosophy&mathematics&music&psychology&computer-science&art&history&unfinished
23807;horror&fiction&thriller&mystery&crime&classics&mystery-thriller&suspense&novels&adult
23772;childrens&picture-books&classics&fiction&poetry&fantasy&humor&kids&food&young-adult
23529;graphic-novels&comics&horror&fiction&historical-fiction&crime&graphic-novels-comics&comic-book&mystery&historical
23522;mythology&classics&non-fiction&history&reference&greek-mythology&religion&school&literature&short-stories
22911;fiction&classics&german-literature&literature&novels&czech-literature&20th-century&philosophy&literary-fiction&classic-literature
22904;fiction&short-stories&classics&literature&german-literature&philosophy&20th-century&horror&czech-literature&fantasy
22628;young-adult&fiction&contemporary&coming-of-age&classics&romance&mental-health&realistic-fiction&lgbt&teen
22590;science-fiction&fiction&classics&novels&science-fiction-fantasy&mystery&fantasy&american&speculative-fiction&audiobook
22478;psychology&philosophy&non-fiction&science&history&religion&neuroscience&anthropology&brain&spirituality
22232;young-adult&fiction&contemporary&realistic-fiction&romance&middle-grade&childrens&school&teen&coming-of-age
22034;fiction&classics&crime&thriller&historical-fiction&mystery&novels&drama&literature&american
21787;fantasy&classics&fiction&romance&humor&young-adult&adventure&comedy&science-fiction-fantasy&fairy-tales
21611;science-fiction&fiction&war&space-opera&science-fiction-fantasy&classics&military-fiction&time-travel&space&audiobook
21484;historical-fiction&fiction&world-war-ii&war&historical&classics&audiobook&military-fiction&novels&literature
19691;fiction&thriller&military-fiction&mystery&suspense&espionage&adventure&action&war&mystery-thriller
19543;childrens&picture-books&fiction&classics&fantasy&adventure&young-adult&animals&kids&monsters
19534;fiction&baseball&historical-fiction&sports&novels&literary-fiction&family&literature&classics&religion
19494;fiction&thriller&mystery&espionage&classics&mystery-thriller&novels&crime&historical-fiction&suspense
19321;childrens&classics&picture-books&fiction&animals&fantasy&short-stories&juvenile&childrens-classics&kids
19302;classics&childrens&fiction&middle-grade&young-adult&fantasy&humor&adventure&swedish-literature&juvenile
18796;classics&fiction&literature&france&philosophy&french-literature&novels&20th-century&literary-fiction&classic-literature
18765;historical-fiction&fiction&classics&historical&literature&novels&italy&ancient-history&audiobook&british-literature
18545;plays&classics&fiction&drama&theatre&humor&school&literature&high-school&read-for-school
18521;classics&non-fiction&feminism&essays&philosophy&writing&literature&womens&20th-century&british-literature
18452;fiction&historical-fiction&classics&war&horror&literature&holocaust&novels&polish-literature&world-war-ii
18423;science-fiction&fiction&fantasy&classics&science-fiction-fantasy&feminism&speculative-fiction&queer&novels&lgbt
18405;classics&historical-fiction&fiction&romance&historical&literature&war&civil-war&historical-romance&novels
18373;fiction&classics&science-fiction&young-adult&psychology&literature&school&novels&adult&read-for-school
18122;fantasy&young-adult&fiction&childrens&adventure&science-fiction&audiobook&science-fiction-fantasy&steampunk&middle-grade
18116;fantasy&fiction&young-adult&childrens&science-fiction-fantasy&science-fiction&classics&adventure&steampunk&middle-grade
17961;fiction&short-stories&classics&literature&fantasy&magical-realism&philosophy&spanish-literature&latin-american&literary-fiction
17841;fiction&mystery&historical-fiction&literature&classics&italian-literature&thriller&novels&philosophy&italy
17728;classics&fiction&historical-fiction&literature&american&novels&20th-century&new-york&historical&classic-literature
17717;fiction&short-stories&classics&magical-realism&literature&fantasy&philosophy&essays&latin-american&literary-fiction
17716;plays&classics&fiction&drama&theatre&literature&philosophy&school&irish-literature&france
17690;classics&fiction&philosophy&literature&german-literature&novels&dystopia&20th-century&czech-literature&literary-fiction
17349;science&non-fiction&philosophy&religion&history&skepticism&atheism&psychology&popular-science&physics
17343;fiction&fantasy&classics&mythology&christian&religion&retellings&christianity&christian-fiction&literature
17250;classics&plays&fiction&historical-fiction&school&drama&read-for-school&historical&high-school&literature
17214;science-fiction&fiction&classics&military-fiction&war&science-fiction-fantasy&space-opera&fantasy&space&audiobook
17150;classics&fiction&historical-fiction&literature&school&american&historical&novels&literary-fiction&classic-literature
17125;fiction&classics&russia&historical-fiction&russian-literature&literature&novels&historical&20th-century&school
16981;classics&fiction&literature&race&historical-fiction&african-american&novels&school&american&literary-fiction
16793;fantasy&fiction&romance&young-adult&adventure&audiobook&magic&science-fiction-fantasy&fairy-tales&adult
16735;fiction&classics&romance&southern&contemporary&literary-fiction&drama&literature&novels&adult-fiction
16690;science-fiction&fiction&classics&science-fiction-fantasy&fantasy&audiobook&politics&space&novels&hugo-awards
16634;fiction&classics&philosophy&literature&german-literature&novels&science-fiction&germany&fantasy&20th-century
16631;fiction&classics&philosophy&german-literature&literature&novels&germany&20th-century&psychology&literary-fiction
16527;historical-fiction&fiction&historical&romance&magical-realism&novels&literature&classics&adult&spanish-literature
16328;mystery&fiction&classics&crime&mystery-thriller&detective&thriller&audiobook&murder-mystery&british-literature
16299;mystery&classics&fiction&crime&thriller&mystery-thriller&audiobook&adult&suspense&novels
16286;fiction&classics&fantasy&mystery&literature&novels&literary-fiction&greece&british-literature&contemporary
16213;non-fiction&science&history&medicine&medical&horror&thriller&health&biology&africa
15881;fantasy&fiction&young-adult&magic&childrens&middle-grade&audiobook&adventure&classics&science-fiction-fantasy
15622;fiction&classics&historical-fiction&african-american&race&literature&novels&banned-books&school&american
15241;fantasy&classics&fiction&adventure&high-fantasy&science-fiction-fantasy&epic-fantasy&audiobook&novels&literature
15196;graphic-novels&comics&history&non-fiction&memoir&holocaust&biography&historical&war&graphic-novels-comics
15195;graphic-novels&comics&non-fiction&history&biography&memoir&historical&war&holocaust&classics
14942;classics&fiction&literature&novels&feminism&british-literature&literary-fiction&20th-century&school&english-literature
14891;classics&fiction&historical-fiction&young-adult&coming-of-age&historical&new-york&literature&novels&book-club
14836;fiction&magical-realism&classics&india&historical-fiction&fantasy&literature&novels&literary-fiction&indian-literature
14817;science-fiction&fiction&dystopia&classics&science-fiction-fantasy&novels&cyberpunk&fantasy&speculative-fiction&american
14497;fantasy&fiction&urban-fantasy&audiobook&science-fiction-fantasy&science-fiction&horror&adventure&adult&young-adult
14249;fiction&nature&contemporary&literary-fiction&novels&adult&adult-fiction&literature&environment&audiobook
13872;fiction&horror&fantasy&contemporary&literary-fiction&novels&literature&adult-fiction&adult&dark
13496;fantasy&fiction&epic-fantasy&adult&high-fantasy&science-fiction-fantasy&adventure&audiobook&dragons&novels
13214;non-fiction&classics&memoir&biography&autobiography&poetry&feminism&biography-memoir&african-american&race
13103;fiction&spirituality&philosophy&self-help&fantasy&new-age&religion&inspirational&adventure&novels
13033;fiction&classics&historical-fiction&literature&novels&egypt&africa&literary-fiction&british-literature&20th-century
12967;fiction&fantasy&historical-fiction&magical-realism&romance&historical&new-york&unfinished&steampunk&literary-fiction
12898;classics&plays&fiction&drama&school&theatre&literature&read-for-school&high-school&american
12781;fiction&classics&magical-realism&fantasy&india&literature&religion&banned-books&novels&contemporary
12749;classics&fiction&france&literature&french-literature&novels&philosophy&20th-century&literary-fiction&unfinished
12661;historical-fiction&fiction&historical&american-history&classics&novels&adventure&literature&epic&the-united-states-of-america
12659;historical-fiction&fiction&historical&westerns&american-history&novels&epic&adventure&literature&classics
12657;historical-fiction&fiction&historical&israel&religion&jewish&novels&judaism&classics&archaeology
12557;fiction&historical-fiction&china&asia&contemporary&asian-literature&historical&novels&adult-fiction&literary-fiction
12527;non-fiction&nature&memoir&essays&classics&philosophy&science&environment&spirituality&biography
12467;fiction&classics&war&historical-fiction&literature&novels&world-war-ii&banned-books&american&military-fiction
12448;fiction&classics&literature&novels&american&coming-of-age&southern&literary-fiction&20th-century&historical-fiction
12395;fiction&classics&france&literature&french-literature&novels&philosophy&20th-century&war&roman
12220;plays&classics&fiction&drama&school&theatre&read-for-school&literature&american&20th-century
12201;poetry&picture-books&classics&childrens&christmas&fiction&nature&american&literature&school
12172;historical-fiction&fiction&classics&france&historical&philosophy&literature&french-literature&novels&20th-century
12083;plays&drama&classics&fiction&theatre&literature&american&school&20th-century&nobel-prize
12067;fantasy&fiction&humor&urban-fantasy&comedy&audiobook&science-fiction-fantasy&adult&science-fiction&supernatural
11991;fiction&philosophy&classics&france&literature&french-literature&novels&20th-century&literary-fiction&nobel-prize
11990;philosophy&non-fiction&classics&essays&france&politics&literature&french-literature&history&20th-century
11989;fiction&classics&philosophy&france&literature&french-literature&novels&20th-century&literary-fiction&historical-fiction
11987;philosophy&non-fiction&classics&essays&france&literature&french-literature&mythology&20th-century&unfinished
11901;horror&fantasy&fiction&paranormal&witches&supernatural&gothic&urban-fantasy&magic&historical-fiction
11899;fiction&historical-fiction&contemporary&lgbt&literary-fiction&novels&classics&literature&queer&historical
11768;fiction&contemporary&literature&classics&literary-fiction&novels&american&humor&the-united-states-of-america&adult-fiction
11761;fiction&novels&literature&american&literary-fiction&classics&contemporary&historical-fiction&20th-century&americana
11741;fiction&classics&literary-fiction&novels&literature&contemporary&american&coming-of-age&audiobook&family
11734;fiction&novels&literature&american&contemporary&literary-fiction&classics&americana&the-united-states-of-america&jewish
11713;fiction&historical-fiction&classics&romance&war&historical&canada&literature&literary-fiction&novels
11650;fiction&classics&literature&novels&american&historical-fiction&literary-fiction&the-united-states-of-america&americana&contemporary
11590;horror&fiction&vampires&fantasy&thriller&paranormal&supernatural&audiobook&adult&mystery
11588;horror&fiction&thriller&classics&fantasy&paranormal&mystery&suspense&audiobook&adult
11573;horror&fiction&thriller&fantasy&science-fiction&paranormal&mystery&supernatural&audiobook&suspense
11566;horror&fiction&fantasy&thriller&mystery&classics&crime&historical-fiction&paranormal&supernatural
11507;fiction&classics&historical-fiction&jewish&religion&judaism&literature&art&novels&young-adult
11499;fiction&jewish&classics&historical-fiction&religion&judaism&literature&novels&young-adult&literary-fiction
11376;classics&fiction&literature&american&historical-fiction&novels&classic-literature&20th-century&nobel-prize&literary-fiction
11346;fiction&classics&historical-fiction&african-american&literary-fiction&novels&literature&school&race&feminism
11337;fiction&classics&historical-fiction&african-american&race&banned-books&literature&literary-fiction&novels&school
11334;fiction&classics&historical-fiction&african-american&magical-realism&novels&literature&school&literary-fiction&american
11297;fiction&romance&japan&contemporary&japanese-literature&novels&classics&literature&literary-fiction&magical-realism
11275;fiction&magical-realism&japan&japanese-literature&fantasy&contemporary&novels&literature&mystery&literary-fiction
11127;fantasy&classics&fiction&young-adult&childrens&christian&adventure&middle-grade&christian-fiction&science-fiction-fantasy
11012;classics&fiction&short-stories&ireland&literature&irish-literature&20th-century&literary-fiction&historical-fiction&school
10988;historical-fiction&romance&fantasy&fiction&time-travel&historical&historical-romance&audiobook&adult&adventure
10987;historical-fiction&romance&fantasy&fiction&time-travel&historical&historical-romance&audiobook&adult&scotland
10979;fiction&classics&literature&novels&american&southern-gothic&southern&literary-fiction&20th-century&classic-literature
10975;classics&fiction&literature&novels&american&southern-gothic&20th-century&literary-fiction&school&southern
10964;historical-fiction&romance&fantasy&fiction&time-travel&historical&historical-romance&adult&audiobook&scotland
10959;philosophy&fiction&classics&young-adult&novels&fantasy&literature&contemporary&unfinished&scandinavian-literature
10956;fiction&classics&contemporary&young-adult&literary-fiction&coming-of-age&mental-health&novels&adult&literature
10920;historical-fiction&fiction&historical&romance&civil-war&war&classics&novels&literature&literary-fiction
10799;classics&fiction&historical-fiction&war&literature&novels&american&romance&classic-literature&historical
10739;fiction&classics&literature&novels&southern&american&literary-fiction&philosophy&20th-century&audiobook
10625;horror&fiction&thriller&mystery&suspense&crime&audiobook&mystery-thriller&drama&adult
10614;horror&fiction&thriller&mystery&suspense&mystery-thriller&adult&audiobook&novels&classics
10605;horror&fiction&thriller&fantasy&supernatural&paranormal&suspense&mystery&audiobook&adult
10592;horror&fiction&thriller&fantasy&classics&paranormal&supernatural&adult&audiobook&novels
10572;fantasy&fiction&epic-fantasy&high-fantasy&science-fiction-fantasy&adult&adventure&dragons&audiobook&epic
10374;fiction&fantasy&magical-realism&japan&japanese-literature&science-fiction&contemporary&literature&novels&literary-fiction
10365;classics&fiction&young-adult&childrens&middle-grade&historical-fiction&animals&school&realistic-fiction&read-for-school
10222;historical-fiction&fiction&india&romance&historical&classics&adventure&historical-romance&asia&19th-century
10037;plays&philosophy&fiction&drama&classics&france&theatre&literature&french-literature&school
9998;fiction&japan&japanese-literature&classics&magical-realism&literature&novels&asia&literary-fiction&20th-century
9822;fantasy&fiction&childrens&classics&young-adult&middle-grade&animals&adventure&science-fiction&juvenile
9820;fiction&classics&literary-fiction&historical-fiction&novels&literature&book-club&american&adult-fiction&contemporary
9784;classics&fiction&literature&romance&novels&banned-books&20th-century&british-literature&english-literature&classic-literature
9777;fiction&india&historical-fiction&classics&contemporary&literary-fiction&indian-literature&novels&literature&asia
9717;fiction&classics&philosophy&literature&novels&czech-literature&romance&contemporary&literary-fiction&20th-century
9712;fiction&classics&historical-fiction&romance&magical-realism&literature&novels&spanish-literature&literary-fiction&historical
9646;history&non-fiction&politics&classics&war&memoir&biography&spain&literature&spanish-civil-war
9593;fiction&science-fiction&classics&humor&literature&novels&american&fantasy&dystopia&post-apocalyptic
9592;fiction&classics&historical-fiction&war&literature&novels&humor&science-fiction&american&historical
9590;fiction&classics&humor&science-fiction&literature&novels&american&literary-fiction&20th-century&contemporary
9570;fiction&humor&novels&literature&contemporary&magical-realism&american&literary-fiction&philosophy&comedy
9566;fiction&humor&literature&novels&magical-realism&classics&contemporary&literary-fiction&american&fantasy
9375;fiction&historical-fiction&lgbt&classics&queer&chick-lit&historical&southern&humor&contemporary
9370;fiction&humor&literature&novels&magical-realism&fantasy&contemporary&american&comedy&adult-fiction
9328;fiction&magical-realism&historical-fiction&classics&fantasy&spanish-literature&historical&novels&literature&latin-american
9014;horror&fiction&dystopia&thriller&science-fiction&fantasy&audiobook&adult&suspense&novels
8921;classics&mystery&fiction&crime&detective&mystery-thriller&thriller&audiobook&literature&british-literature
8837;non-fiction&classics&memoir&travel&adventure&france&biography&aviation&philosophy&history
8737;fiction&religion&classics&historical-fiction&literature&novels&greece&philosophy&christianity&spirituality
8682;fiction&fantasy&humor&magical-realism&novels&literature&classics&contemporary&american&literary-fiction
8337;classics&historical-fiction&childrens&fiction&young-adult&historical&middle-grade&juvenile&audiobook&family
8282;historical-fiction&classics&childrens&fiction&young-adult&historical&middle-grade&juvenile&audiobook&family
8248;classics&historical-fiction&childrens&fiction&young-adult&historical&middle-grade&juvenile&audiobook&chapter-books
8127;classics&fiction&young-adult&historical-fiction&childrens&middle-grade&audiobook&historical&canada&coming-of-age
8073;picture-books&childrens&fiction&fantasy&classics&humor&food&kids&juvenile&science-fiction-fantasy
7996;fantasy&fiction&young-adult&childrens&animals&middle-grade&adventure&classics&science-fiction-fantasy&audiobook
7967;science-fiction&fiction&fantasy&science-fiction-fantasy&young-adult&audiobook&space&aliens&space-opera&novels
7882;classics&historical-fiction&childrens&fiction&young-adult&historical&middle-grade&juvenile&audiobook&family
7805;fiction&classics&poetry&literature&russia&novels&russian-literature&literary-fiction&20th-century&american
7784;childrens&picture-books&fiction&classics&poetry&fantasy&environment&young-adult&kids&banned-books
7779;childrens&picture-books&fiction&classics&poetry&fantasy&animals&kids&humor&juvenile
7770;childrens&picture-books&fiction&classics&poetry&animals&fantasy&humor&kids&juvenile
7763;fiction&historical-fiction&classics&china&contemporary&historical&adult-fiction&adult&asia&literature
7745;fiction&classics&humor&journalism&novels&literature&american&contemporary&travel&comedy
7742;fiction&historical-fiction&historical&literature&novels&adult-fiction&literary-fiction&book-club&contemporary&adult
7714;classics&plays&fiction&drama&theatre&school&literature&romance&british-literature&humor
7629;fiction&classics&czech-literature&humor&war&historical-fiction&literature&world-war-i&novels&20th-century
7628;classics&fiction&literature&british-literature&20th-century&historical-fiction&novels&literary-fiction&romance&english-literature
7624;classics&fiction&young-adult&school&literature&dystopia&read-for-school&novels&high-school&adventure
7604;classics&fiction&literature&russia&novels&romance&russian-literature&literary-fiction&20th-century&adult
7588;classics&fiction&literature&irish-literature&ireland&novels&20th-century&literary-fiction&school&classic-literature
7572;fiction&humor&novels&literature&magical-realism&contemporary&literary-fiction&classics&american&adult
7442;non-fiction&history&classics&biography&journalism&memoir&literature&american&counter-culture&cultural
7437;fiction&classics&literature&novels&american&banned-books&contemporary&20th-century&science-fiction&unfinished
7354;fiction&contemporary&canada&literary-fiction&literature&novels&classics&american&adult-fiction&adult
7332;fantasy&fiction&classics&high-fantasy&science-fiction-fantasy&epic-fantasy&mythology&literature&adventure&novels
7244;fiction&historical-fiction&africa&classics&historical&literary-fiction&literature&novels&religion&adult-fiction
7073;fiction&india&literary-fiction&contemporary&literature&novels&american&roman&the-united-states-of-america&humor
6952;fiction&magical-realism&romance&historical-fiction&classics&fantasy&food&spanish-literature&adult&novels
6900;non-fiction&memoir&biography&classics&inspirational&philosophy&self-help&contemporary&adult&biography-memoir
6882;non-fiction&biography&classics&adventure&memoir&autobiography&france&history&crime&biography-memoir
6759;fiction&classics&literature&novels&contemporary&humor&literary-fiction&unfinished&philosophy&american
6689;childrens&fantasy&fiction&classics&young-adult&middle-grade&adventure&juvenile&humor&chapter-books
6551;fiction&classics&literature&novels&american&nobel-prize&20th-century&jewish&literary-fiction&modern-classics
6514;classics&fiction&feminism&mental-health&psychology&literature&mental-illness&poetry&novels&literary-fiction
6319;fantasy&childrens&fiction&classics&middle-grade&young-adult&humor&adventure&audiobook&juvenile
6310;fiction&fantasy&childrens&classics&young-adult&middle-grade&humor&adventure&juvenile&novels
6295;poetry&classics&fiction&american&literature&queer&lgbt&20th-century&banned-books&school
6294;fantasy&young-adult&fiction&romance&middle-grade&magic&classics&childrens&adventure&audiobook
6259;historical-fiction&fiction&war&classics&historical&romance&world-war-i&france&novels&literature
6217;historical-fiction&fiction&classics&historical&scandinavian-literature&literature&medieval&novels&nobel-prize&audiobook
6194;fiction&africa&classics&literature&novels&south-africa&historical-fiction&literary-fiction&nobel-prize&african-literature
6192;fiction&africa&south-africa&literature&classics&novels&contemporary&literary-fiction&nobel-prize&20th-century
6174;non-fiction&history&holocaust&memoir&classics&biography&world-war-ii&war&italian-literature&historical
6150;fiction&classics&africa&historical-fiction&south-africa&literature&school&novels&historical&high-school
6149;fiction&classics&historical-fiction&magical-realism&literature&historical&school&african-american&novels&literary-fiction
5954;fiction&classics&philosophy&german-literature&literature&novels&germany&historical-fiction&20th-century&literary-fiction
5932;poetry&classics&romance&spanish-literature&fiction&literature&latin-american&20th-century&nobel-prize&latin-american-literature
5907;fantasy&classics&fiction&adventure&young-adult&high-fantasy&science-fiction-fantasy&childrens&novels&epic-fantasy
5809;fiction&classics&literature&novels&american&contemporary&literary-fiction&20th-century&the-united-states-of-america&modern
5805;graphic-novels&comics&fiction&dystopia&science-fiction&graphic-novels-comics&classics&comic-book&politics&fantasy
5787;short-stories&fiction&classics&fantasy&magical-realism&literature&spanish-literature&latin-american&philosophy&latin-american-literature
5659;classics&fiction&childrens&fantasy&animals&young-adult&middle-grade&adventure&literature&audiobook
5544;science&non-fiction&biography&physics&memoir&autobiography&humor&history&biography-memoir&audiobook
5527;fiction&classics&historical-fiction&politics&literature&novels&literary-fiction&american&southern&historical
5517;plays&classics&fiction&drama&school&read-for-school&historical-fiction&african-american&theatre&high-school
5472;classics&fiction&dystopia&literature&science-fiction&politics&fantasy&novels&school&philosophy
5439;short-stories&fiction&india&contemporary&literary-fiction&literature&indian-literature&asia&school&adult
5359;fiction&thriller&mystery&crime&suspense&legal-thriller&mystery-thriller&law&novels&adult-fiction
5358;fiction&thriller&mystery&crime&suspense&mystery-thriller&legal-thriller&novels&law&adult-fiction
5349;fiction&thriller&mystery&legal-thriller&suspense&crime&mystery-thriller&law&novels&adult-fiction
5308;classics&fiction&literature&school&historical-fiction&american&novels&read-for-school&short-stories&novella
5246;classics&fiction&romance&literature&school&historical-fiction&american&novels&high-school&read-for-school
5211;fiction&historical-fiction&india&indian-literature&literary-fiction&historical&canada&asia&novels&literature
5203;fiction&contemporary&chick-lit&adult-fiction&coming-of-age&novels&adult&literary-fiction&drama&mental-health
5197;fiction&historical-fiction&classics&african-american&school&literature&adult-fiction&historical&literary-fiction&novels
5174;fiction&historical-fiction&canada&historical&literary-fiction&canadian-literature&novels&lgbt&book-club&adult-fiction
5148;classics&fiction&young-adult&historical-fiction&school&coming-of-age&high-school&literature&read-for-school&novels
5129;classics&fiction&science-fiction&dystopia&literature&novels&school&fantasy&philosophy&audiobook
5113;fiction&classics&short-stories&literature&american&novels&literary-fiction&20th-century&adult-fiction&adult
5043;fiction&historical&fantasy&classics&medieval&audiobook&novels&british-literature&adult&literature
4989;historical-fiction&fiction&historical&religion&book-club&feminism&adult&womens&adult-fiction&novels
4982;science-fiction&fiction&classics&humor&novels&literature&fantasy&science-fiction-fantasy&american&speculative-fiction
4981;classics&fiction&science-fiction&historical-fiction&war&literature&novels&time-travel&fantasy&american
4980;fiction&classics&science-fiction&humor&literature&novels&american&literary-fiction&audiobook&20th-century
4953;fiction&contemporary&literature&humor&biography-memoir&novels&american&unfinished&literary-fiction&adult
4948;picture-books&childrens&fiction&classics&animals&food&counting&storytime&kids&mathematics
4865;self-help&non-fiction&business&psychology&personal-development&leadership&communication&classics&audiobook&relationships
4799;classics&fiction&literature&historical-fiction&american&novels&literary-fiction&classic-literature&20th-century&the-united-states-of-america
4796;classics&fiction&literature&american&novels&literary-fiction&20th-century&classic-literature&the-united-states-of-america&nobel-prize
4687;fiction&classics&historical-fiction&literature&literary-fiction&contemporary&novels&american&historical&adult-fiction
4671;classics&fiction&school&historical-fiction&romance&literature&novels&read-for-school&high-school&american
4631;classics&non-fiction&memoir&biography&france&travel&literature&american&biography-memoir&autobiography
4473;fiction&classics&contemporary&literature&literary-fiction&novels&historical-fiction&coming-of-age&adult-fiction&american
4271;fiction&contemporary&humor&novels&british-literature&comedy&adult&coming-of-age&adult-fiction&literature
4137;non-fiction&humor&memoir&essays&short-stories&comedy&biography&audiobook&biography-memoir&autobiography
4069;non-fiction&psychology&philosophy&history&self-help&memoir&biography&classics&spirituality&holocaust
4009;short-stories&fiction&classics&literature&american&20th-century&literary-fiction&the-united-states-of-america&novels&adult-fiction
3985;fiction&historical-fiction&novels&literature&historical&literary-fiction&contemporary&jewish&comics&new-york
3876;classics&fiction&literature&novels&historical-fiction&american&spain&school&literary-fiction&20th-century
3869;science&non-fiction&physics&history&classics&philosophy&astronomy&popular-science&space&audiobook
3698;fiction&classics&historical-fiction&war&literature&novels&asia&british-literature&literary-fiction&espionage
3692;fiction&classics&africa&literature&novels&british-literature&literary-fiction&historical-fiction&religion&20th-century
3690;fiction&classics&historical-fiction&literature&religion&novels&literary-fiction&british-literature&catholic&20th-century
3636;young-adult&fiction&classics&dystopia&science-fiction&fantasy&school&middle-grade&childrens&read-for-school
3473;romance&fiction&contemporary&young-adult&chick-lit&adult&contemporary-romance&drama&adult-fiction&love
3446;fiction&war&historical-fiction&classics&literature&novels&military-fiction&historical&literary-fiction&school
3412;fiction&historical-fiction&romance&classics&australia&historical&historical-romance&drama&novels&adult
3388;fiction&historical-fiction&romance&classics&war&greece&historical&world-war-ii&novels&literature
3378;fiction&contemporary&canada&novels&literature&literary-fiction&classics&short-stories&american&20th-century
3140;fiction&historical-fiction&classics&literature&nobel-prize&historical&novels&war&20th-century&serbian-literature
3087;classics&fiction&romance&historical-fiction&italy&literature&british-literature&20th-century&novels&audiobook
2998;classics&fiction&childrens&young-adult&historical-fiction&middle-grade&fantasy&historical&literature&audiobook
2865;historical-fiction&fiction&historical&classics&art&romance&adult&adult-fiction&novels&literature
2794;fiction&classics&literature&novels&american&mystery&literary-fiction&20th-century&contemporary&the-united-states-of-america
2767;history&non-fiction&politics&american-history&historical&social-justice&classics&audiobook&american&unfinished
2666;fiction&classics&literature&novels&contemporary&new-york&literary-fiction&american&humor&20th-century
2657;classics&fiction&historical-fiction&school&literature&young-adult&historical&read-for-school&novels&high-school
2547;poetry&classics&philosophy&fiction&spirituality&religion&literature&self-help&inspirational&novels
2517;fiction&historical-fiction&mystery&literature&turkish&novels&turkish-literature&nobel-prize&historical&art
2279;biography&history&presidents&non-fiction&american-history&politics&us-presidents&biography-memoir&historical&audiobook
2165;classics&fiction&literature&novels&american&school&adventure&literary-fiction&classic-literature&20th-century
2122;fiction&classics&philosophy&literature&novels&politics&architecture&literary-fiction&american&classic-literature
2054;mystery&fiction&crime&noir&classics&detective&mystery-thriller&thriller&novels&american
2052;mystery&fiction&classics&crime&noir&detective&mystery-thriller&thriller&novels&american
1852;classics&fiction&adventure&young-adult&animals&historical-fiction&literature&school&childrens&novels
1848;non-fiction&history&china&biography&memoir&asia&historical&biography-memoir&autobiography&asian-literature
1845;non-fiction&biography&travel&adventure&classics&memoir&nature&school&biography-memoir&survival
1842;history&non-fiction&science&anthropology&sociology&politics&economics&historical&world-history&audiobook
1624;non-fiction&memoir&biography&africa&travel&history&adventure&biography-memoir&aviation&autobiography
1617;non-fiction&classics&history&memoir&holocaust&biography&school&historical&war&world-war-ii
1295;historical-fiction&fiction&fantasy&historical&classics&romance&adventure&prehistoric&adult&novels
960;fiction&mystery&thriller&mystery-thriller&suspense&adventure&crime&historical-fiction&novels&adult
929;fiction&historical-fiction&romance&historical&classics&japan&adult&novels&asia&adult-fiction
902;mystery&fiction&young-adult&middle-grade&classics&childrens&mystery-thriller&school&juvenile&realistic-fiction
890;classics&fiction&school&historical-fiction&literature&read-for-school&novels&high-school&american&historical
667;fiction&classics&dystopia&philosophy&science-fiction&school&literature&politics&read-for-school&novels
662;fiction&classics&philosophy&politics&literature&science-fiction&novels&dystopia&economics&audiobook
629;philosophy&fiction&classics&spirituality&travel&psychology&self-help&literature&unfinished&religion
431;fiction&mystery&american&novels&literature&contemporary&new-york&the-united-states-of-america&classics&crime
378;fantasy&fiction&classics&childrens&young-adult&middle-grade&adventure&humor&school&juvenile
350;science-fiction&fiction&classics&science-fiction-fantasy&fantasy&novels&philosophy&speculative-fiction&religion&audiobook
343;fiction&classics&historical-fiction&horror&mystery&thriller&crime&german-literature&historical&novels
320;fiction&classics&magical-realism&literature&fantasy&novels&historical-fiction&spanish-literature&literary-fiction&latin-american
275;fiction&classics&france&romance&french-literature&historical-fiction&literature&novels&20th-century&erotica
250;fiction&classics&literature&novels&american&erotica&the-united-states-of-america&banned-books&literary-fiction&sexuality
249;fiction&classics&literature&novels&american&banned-books&erotica&literary-fiction&20th-century&france
122;fiction&historical-fiction&africa&classics&south-africa&coming-of-age&historical&young-adult&novels&literature
13;science-fiction&fiction&humor&fantasy&classics&comedy&science-fiction-fantasy&novels&adventure&space
6;young-adult&fiction&magic&childrens&middle-grade&audiobook&adventure&classics&science-fiction-fantasy&novels
5;young-adult&childrens&middle-grade&audiobook&adventure&science-fiction-fantasy&novels&urban-fantasy&witches&paranormal
3;fiction&young-adult&magic&childrens&middle-grade&classics&audiobook&adventure&science-fiction-fantasy&novels