bookId;Characters

52892857,Nettie

52892857, Albert

52892857, Celie

52892857, Shug Avery

52892857, Miss Millie

44767458,Stilgar

44767458, Vladimir Harkonnen

44767458, Duncan Idaho

44767458, Leto Atreides

44767458, Paul Atreides

44767458, Alia Atreides

44767458, Lady Jessica

44767458, Shaddam IV

44767458, Gurney Halleck

41044096,Karana

40940121,Jesse Aarons

40940121, Leslie Burke

40881621,[]

40792344,[]

40779082,[]

40651883,Hiro Protagonist

40651883, Y.T.

40651883, Da5id Meier

40651883, Juanita Marquez

40651883, Dr. Emanuel Lagos

40651883, Uncle Enzo

40651883, L. Bob Rife

40651883, Dmitri Raven Ravinoff

40605251,Morgause

40605251, Igraine

40605251, Viviane

40605251, Uther

40605251, Gorlois

40605251, Morgaine

40605251, Gwenhwyfar

40605251, Merlin (Arthurian wizard)

40605251, Kevin

40605251, the Bard

40605251, Uriens

40605251, Accolon

40605251, Lancelot du Lac

40605251, King Arthur

40604658,John Hammond

40604658, Ian Malcolm

40604658, Alan Grant

40604658, Ellie Sattler

40604658, Tim Murphy

40495148,The doctor (Blindness)

40495148, The doctor's wife

40495148, The girl with the dark glasses

40495148, The first blind man

40495148, The first blind man's wife

40495148, The boy with the squint

40495148, The old man with the black eye patch

40495148, The car thief

39280444,Ivy Hall

39280444, Heather

39280444, Nichole Smythe Burnell

39280444, Melinda Sordino

39280444, Andy Evans

39280444, David Petrakis

39280444, Mr. Freeman

39280444, Rachel Bruin

38374795,[]

36402034,Rick Deckard

36402034, John Isidore

36402034, Roy Baty

36402034, Rachael Rosen

36402034, Iran Deckard

36402034, Phil Resch

36402034, Luba Luft

36402034, Bill Barbour

36402034, Pris Stratton

36402034, Hannibal Sloat

36402034, Irmgard Baty

36402034, Inspector Garland

36402034, Max Polokov

36402034, Wilbur Mercer

36402034, Buster Friendly

36402034, Al Jarry

36236124,The Narrator

36236124, Tyler Durden

36236124, Marla Singer

36236123,Tender Branson

36236123, Fertility Hollis

36236123, The Agent

36236123, The Caseworker

36236123, Adam Branson

33648131,Noah Taylor Calhoun

33648131, Allison Nelson

33648131, Lon Hammond Jr

33648131, Anne Nelson

33574273,Meg Murry

33574273, Charles Wallace Murry

33574273, Calvin O'Keefe

33574273, Dr. Kate Murry

33574273, Sandy Murry

33574273, Dennys Murry

33574273, Mrs. Whatsit

33574273, Mrs. Who

33574273, Mrs. Which

33124137,Louis Creed

33124137, Ellie Creed

33124137, Gage Creed

33124137, Jud Crandall

33124137, Victor Pascow

33124137, Rachel Creed

28251250,Jack Gladney

28251250, Babette Gladney

28251250, Dana Breedlove

28251250, Tweedy Browner

25845273,[]

18144590,Santiago

18144590, Alchemist

18144590, Melchizedek

18114322,Tom Joad

18114322, Rose of Sharon Joad Rivers

18114322, Ma Joad

18114322, Pa Joad

18114322, Uncle John Joad

18114322, Jim Casy

18114322, Al Joad

18114322, Ruthie Joad

18114322, Winfield Joad

18114322, Noah Joad

18114322, Grampa Joad

18114322, Granma Joad

18114322, Connie Rivers

17899948,Maxim de Winter

17899948, Mrs. Danvers

17899948, the second Mrs. de Winter

17899948, Rebecca de Winter

17899948, Frank Crowley

17899948, Jack Favell

17899948, Beatrice Lacy

17899948, Giles Lacy

13079982,Guy Montag

13079982, Clarisse McClellan

13079982, Mildred Montag

13079982, Captain Beatty

13079982, Professor Faber

13079982, The Mechanical Hound

10073506,Jim Prideaux

10073506, Peter Guillam

10073506, Bill Roach

10073506, Ricki Tarr

10073506, Percy Alleline

10073506, Bill Haydon

10073506, Roddy Martindale

10073506, Toby Esterhase

10073506, Connie Sachs

10073506, Oliver Lacon

10073506, Inspector Mendel

10073506, Aleksey Polyakov

10073506, Roy Bland

10073506, Ann Smiley

10073506, George Smiley

8130077,Wormwood

8130077, The Patient

8130077, Screwtape

7944648,Colonel Behrani

7944648, Kathy Nicolo

7944648, Sheriff Lester Burdon

6088007,Armitage

6088007, Lady 3Jane Marie-France Tessier-Ashpool

6088007, Henry Dorsett Case

6088007, Wintermute

6088007, The Dixie Flatline

6088007, Molly Millions

5291314,Charles Marlow

5291314, Jim

2247142,Tom Ripley

2247142, Dickie Greenleaf

2247142, Marge Sherwood

2247142, Freddie Miles

968868,Severian

929782,Martin Eden

929782, Ruth Morse

929782, Lizzie Connolly

929782, Joe Dawson

929782, Russ Brissenden

853510,Samuel Edward Ratchett

853510, Hector MacQueen

853510, Henry Masterman

853510, Colonel Arbuthnot

853510, Caroline Martha Hubbard

853510, Count Rudolf Andrenyi

853510, Countess Elena Andrenyi

853510, Princess Natalia Dragomiroff

853510, Mary Debenham

853510, Hildegarde Schmidt

853510, Antonio Foscarelli

853510, Greta Ohlsson

853510, Pierre Michel

853510, Cyrus Hardman

853510, Dr. Constantine

853510, Monsieur Bouc

853510, Hercule Poirot

838729,Frodo Baggins

838729, Meriadoc Brandybuck

838729, Peregrin Took

838729, Gandalf

838729, Aragorn

838729, Gimli

838729, Bilbo Baggins

838729, Saruman

838729, Éowyn

838729, Éomer

838729, Elrond Half-elven

838729, Arwen Undómiel

838729, Galadriel

838729, Faramir

838729, Gollum

838729, Legolas

838729, Sam Gamgee

830502,Dick Halloran

830502, Pennywise the Dancing Clown

830502, Bill Denbrough

830502, Richie Tozier

830502, Eddie Kaspbrak

830502, Stan Uris

830502, Ben Hanscom

830502, Beverly Marsh

830502, Mike Hanlon

830502, Frank Dodd

830502, Henry Bowers

830502, Audra Phillips

830502, George Denbrough

830502, Adrian Mellon

830502, Patrick Hockstetter

830502, American Law Enforcement

801754,[]

781787,Karen Blixen

781787, Kamante

781787, Denys Finch-Hatton

781787, Farah (Out of Africa)

776407,Winnie the Pooh (A.A. Milne)

776407, Christopher Robin (A.A. Milne)

776407, Piglet (A.A. Milne)

776407, Owl (A.A. Milne)

776407, Kanga (A.A. Milne)

776407, Roo (A.A. Milne)

776407, Eeyore (A.A. Milne)

776407, Tigger (A.A. Milne)

776407, Rabbit (A.A. Milne)

762806,Irina Asanova

762806, Major Pribluda

762806, Zoya Renko

762806, Pasha Pavlovich

762806, John Osborne

762806, Feodor Golodkin

762806, Andrei Iamskoy

762806, Misha Mikoyan

762806, Natasha Mikoyan

762806, Sergei Fet

762806, James Kirwill

762806, William Kirwill

762806, Yuri Viskov

762806, Hans Unmann

762806, Kostia Borodin

762806, Valerya Davidova

762806, Ilya Nikitin

762806, Arkady Renko

703292,Katherine Kit Tyler

703292, Nathaniel Eaton

703292, John Holbrook

703292, Matthew Wood

703292, Rachel Wood

703292, Judith Wood

703292, Mercy Wood

703292, Gershom Bulkeley

703292, William Ashby

703292, Hannah Tupper

703292, Prudence Cruff

676737,Beowulf

676737, Grendel

616828,Charles Marlow

616828, Kurtz

612188,Carl Jung

592657,Ed Gentry

592657, Bobby Trippe

592657, Drew Ballinger

592657, Lewis Medlock

588138,[]

586472,John Glenn

586472, Gus Grissom

586472, Pete Conrad

586472, Chuck Yeager

567678,Frank Cauldhame

567678, Eric Cauldhame

567678, Angus Cauldhame

567678, Mrs Clamp

567678, Diggs

561909,[]

546018,George Lincoln Rockwell

546018, Alex Haley

546018, Kunta Kinte

541803,Father Brown

540020,the Jackal

540020, Claude Lebel

540020, Victor Kowalski

540020, Jacqueline Dumas

530965,Bill Masen

530965, Josella Playton

529626,Henry Stamper

529626, Hank Stamper

529626, Jonathan Bailey Draeger

529626, Boney Stokes

529626, Viv Stamper

529626, Leeland Stamper

527756,Ulrich

527756, Franz Joseph I of Austria

527756, Dr. Paul Arnheim

517188,Jean Brodie

517188, Gordon Lowther

517188, Teddy Lloyd

517188, Miss Mackay

517188, Sandy Stranger

517188, Rose Stanley

517188, Mary Macgregor

517188, Jenny Gray

517188, Monica Douglas

517188, Eunice Gardiner

485894,Gregor Samsa

485894, Grete Samsa

485894, Mr. Samsa

485894, Mrs. Samsa

480204,Erik

480204, Christine Daaé

480204, Madame Giry

480204, Raoul de Chagny

480204, La Carlotta

480204, The Persian

480204, Count Phillippe de Chagny

472331,Dr. Manhattan

472331, Rorschach

472331, Hollis Mason

472331, Daniel Dreiberg

472331, Sally Jupiter

472331, Laurel Jupiter

472331, Adrian Veidt

472331, Edward Blake

469571,John Grady Cole

469571, Rawlins

469571, Blevins

469571, Alejandra

464260,James Baldwin

460635,Joe Gillayley

460635, Kerewin Holmes

460635, Simon Holt

457264,[]

426504,[]

420282,[]

412732,Ray Smith

412732, Japhy Ryder

403098,Thomas More

403098, Thomas Cromwell

403098, Richard Riche

403098, Henry VIII of England

402093,John Blackthorne

402093, Toranaga

402093, Mariko

402093, Jabu

402093, Buntaró

402093, Hiromacu

402093, Martin Alvito

402093, Jaemon

402093, Išido

402093, Ochiba

395182,Jim Dixon

395182, Professor Welch

395182, Margaret Peel

395182, Christine Callaghan

395090,[]

394535,The kid

394535, Judge Holden

394535, Louis Toadvine

394535, John Joel Glanton

394535, Benjamin Tobin

394535, David Brown

394535, John Jackson

393199,Paddy

393199, Bozo

393199, George Orwell

393199, Boris

386187,Jim Williams

386187, Danny Hansford

386187, Lucille Wright

386187, Mary Harty

386187, Joe Odom

386187, Mandy Nichols

386187, William Simon Glover

386187, Luther Driggers

386187, Serena Vaughn Dawes

386187, Johnny Mercer

386187, Emma Kelly

386187, Chablis

386187, Lee Adler

386187, Conrad Aiken

386187, Spencer Lawton Jr.

386187, Minerva

386187, Sonny Seiler

386162,Zaphod Beeblebrox

386162, Arthur Dent

386162, Ford Prefect

386162, Trillian

386162, Marvin

386162, the paranoid android

386162, Slartibartifast

375802,Dink

375802, Bernard

375802, Valentine Wiggin

375802, Peter Wiggin

375802, Mazer Rackham

375802, Alai

375802, Hyrum Graff

375802, Andrew Wiggin

375802, Petra Arkanian

375802, Bean

375802, Major Anderson

375802, Bonzo

375802, Major Imbu

375013,Oskar Schindler

375013, Amon Leopold Göth

374233,The reader

374233, Ludmilla Vipiteno

374233, Lotaria Vipiteno

374233, Ermes Marana

374233, Silas Flannery

374233, Irnerio

373755,Quentin Compson III

373755, Thomas Sutpen

373755, Jason Compson III

373755, Shreve

373755, Rosa Coldfield

373755, Ellen Coldfield

373755, Henry Sutpen

373755, Judith Sutpen

373755, Charles Bon

373755, Wash Jones

373755, Jim Bond

370493,[]

368916,Frank Doel

368916, Helene Hanff

368772,[]

357636,[]

355697,Paul Bäumer

355697, Albert Kropp

355697, Stanislaus Katczinsky

355697, Haie Westhus

355697, Tjaden

355697, Fredrich Müller

355697, Albert Kropp

355697, Stanislaus Katczinsky

355697, Haie Westhus

355697, Tjaden

334176,Emilio Sandoz

334176, Jimmy Quinn

334176, Vincenzo Giuliani

334176, John Candotti

334176, Johannes Voelker

334176, Edward Behr

334176, Sofia Mendez

334176, Anne Edwards

334176, George Edwards

334176, Alan Pace

334176, Felipe Reyes

334176, D.W. Yarbrough

334176, Marc Robichaux

334176, Supaari

334176, Askama

334176, Hlavin Kitheri

333867,Gulliver Foyle

333867, Jisbella McQueen

333867, Saul Dagenham

333867, Presteign

333867, Sam Quatt

333867, Regis Sheffield

333867, Robin Wednesbury

333538,K.

333538, Klamm

333538, Grafen Westwest

333538, Erlanger

333538, Galater

333538, Sordini

333538, Seemann

333538, Sortini

333538, Otto Brunswick

333538, Frau Brunswick

333538, Hans Brunswick

333538, Friedrich

333538, Frieda

333538, Gardena

333538, Barnabas

333538, Artur und Jeremias

333538, Dorfvorsteher

333538, Mizzi

333538, Momus

333538, Olga

333538, Amalia

333538, Barnabas' Vater

333538, Barnabas' Mutter

333538, Herrenhof Wirt

333538, Herrenhof Wirtin

333538, Brügel

333538, Lehrer

333538, Fräulein Gisa

333538, Schwarzer

333538, Pepi

333538, Lasemann

333538, Gerstäcker

332613,Chief Bromden

332613, Randle Patrick McMurphy

332613, Nurse Ratched

332613, William Billy Bibbit

332613, Charles Cheswick

332613, Dale Harding

332613, Doctor Spivey

332613, Bruce Fredrickson

332613, James Jim Sefelt

332613, Scanlon

332613, Martini

331319,Clyde Griffiths

331319, Elvira Griffiths

331319, Asa Griffiths

331319, Esta Griffiths

331319, Hortense Briggs

331319, Thomas Ratterer

331319, Samuel Griffiths

331319, Sondra Finchley

331319, Roberta Alden

331319, Gilbert Griffiths

331319, Orville Mason

331319, Alvin Belknap

331319, Reuben Jephson

331319, Frank Harriet

331319, Mrs. George Newton

331319, Justice Oberwaltzer

331319, Perley Haynes

331319, Mr. Shurlock

331319, Bert Gettler

331319, Sonda

331319, Miss Vanda Steele

331319, Legare Atterbury

331319, Charlie Trone

331319, Tom Keary

331319, Nicholas Kraut

331319, Violet Taylor

327847,[]

321552,Lorenzo de' Medici (the Magnificent)

321552, Michelangelo

321552, Pope Clement VII

321552, Francesco Granacci

321552, Pietro Torrigiani

321552, Pope Julius II

321552, Leonardo da Vinci

321538,[]

318742,[]

310612,Ignatius Jacques Reilly

310612, Myrna Minkoff

310612, Irene Reilly

310612, Santa Battaglia

310612, Angelo Mancuso

310612, Lana Lee

310612, Burma Jones

310146,Charlotte Doyle

306654,Will Tweedy

306654, Love Simpson

306654, E. Rucker Blakeslee

298275,Antoine Roquentin

298275, l'Autodidacte

298275, Anny

296662,[]

294459,[]

292408,Lyman Ward

292408, Susan Burling Ward

292408, Oliver Ward

292408, Rodman Ward

292408, Frank Sargent

292408, Ada Topham

292408, Shelly Rasmussen

292408, Ellen Ward

285092,Rob Gordon

284996,[]

278097,[]

256008,Captain Woodrow Call

256008, Augustus Gus McCrae

256008, Joshua Deets

256008, Newt Dobbs

256008, Pea Eye Parker

256008, Lorena Wood

252577,Frank McCourt

251688,Holly Golightly

251688, Doc Golightly

251688, Joe Bell

251688, I.Y. Yunioshi

251688, Mag Wildwood

248596,William Halloway

248596, James Nightshade

248596, Charles Halloway

248596, Tom Fury

248596, Crosetti

248596, Mr Tetley

248596, Willa Foley

248596, Mr Dark

248596, Mr Cooger

243705,Frederick Clegg

243705, Miranda Grey

240130,[]

233667,Charlene Charlie  McGee

233667, Andrew Andy  McGee

233667, John Rainbird

233667, Captain James Cap Hollester

233667, Vicky Tomlinson

233667, Patrick Hockstetter

233667, Irv Manders

233667, Norma Manders

233667, Doctor Joseph Wanless

233667, Doctor Herman Pynchot

233667, Albert Steinowitz

233667, Orv  OJ Jamieson

233667, Orville Bates

233093,The Cat in the Hat

231804,Ponyboy Curtis

231804, Sodapop Curtis

231804, Darrel Darry Curtis

231804, Dallas Dally Winston

231804, Johnny Cade

231804, Keith Two-Bit Matthews

231804, Steve Randle

231804, Sherri Cherry Valance

231804, Curly Shepard

231804, Tim Shepard

228665,Rand al'Thor

228665, Nynaeve al'Meara

228665, Egwene al'Vere

228665, Perrin Aybara

228665, Al'Lan Mandragoran

228665, Matrim Cauthon

228665, Moiraine Damodred

228665, Loial

228665, Thom Merrilin

228665, Padan Fain

228665, Ba'alzamon

228665, Elyas Machera

228665, Tam al'Thor

228630,[]

228560,Stingo

228560, Nathan Landau

228560, Sophie Zawistowska

227711,[]

227463,Pete

227463, Alex Jacobi

227463, Georgie

227463, Dim

227463, Dr Brodsky

227443,Bridget Jones

227443, Mark Darcy

227443, Daniel Cleaver

227265,[]

219205,Thomas Covenant

218659,[]

216363,Nobusuke Tagomi

216363, Rudolf Wegener

216363, Frank Frink

216363, Juliana Frink

216363, Robert Childan

216363, Paul Kasoura

216363, Betty Kasoura

216363, Ed McCarthy

216363, Hawthorne Abendsen

216363, Joe Cinnadella

216363, Wyndam-Matson

210834,Kimball O'Hara (Kim)

210834, Teshoo Lama

210404,[]

205476,Stage Manager

205476, Mrs. Myrtle Webb

205476, Mr. Charles Webb

205476, George Gibbs

205476, Emily Webb

205476, Mrs. Julia Gibbs

205476, Dr. Frank F. Gibbs

205476, Simon Stimson

205476, Joe Crowell

205476, Jr.

205476, Howie Newsome

205476, Rebecca Gibbs

205476, Wally Webb

205476, Professor Willard

205476, Woman in the Balcony

205476, Man in the Auditorium

205476, Lady in the Box

205476, Mrs. Louella Soames

205476, Constable Warren

205476, Si Crowell

205476, Three Baseball Players

205476, Sam Craig

205476, Joe Stoddard

191940,[]

191139,[]

188572,Inspector Lestrade

188572, James Moriarty

188572, Mrs. Hudson (Conan Doyle series)

188572, Irene Adler

188572, Mycroft Holmes

188572, Dr. John Watson

188572, Sherlock Holmes

187181,Reuven Malter

187181, Danny Saunders

179780,Lankester Merrin

179780, Damien Karras

179780, Regan MacNeil

179780, Chris MacNeil

179780, Lt. William F. Kinderman

179780, Sharon Spencer

179780, Karl Ergstrom

179780, Willie Ergstrom

179033,[]

174834,[]

172732,Che Guevara

172732, Alberto Granado

170448,Snowball

170448, Napoleon

170448, Clover

170448, Boxer

170448, Old Major

170448, Muriel

170448, Squealer

170448, Moses (Animal Farm)

170448, Benjamin

170448, Mr. Jones (Animal Farm)

170448, Mollie (Animal Farm)

169718,[]

168668,Yossarian

168668, Chaplain Tappman

168668, Milo Minderbinder

168668, Nately

168668, Colonel Cathcart

168668, Doc Daneeka

168668, General Dreedle

168668, Major Major Major Major

168668, Orr

168668, Chief White Halfoat

168642,Perry Edward Smith

168642, Richard Hickock

168642, Herb Clutter

168642, Bonnie Clutter

168642, Nancy Clutter

168642, Kenyon Clutter

168642, Alvin Dewey

166997,William Stoner

164154,Isaac Edward Leibowitz

164154, Benjamin Eleazar bar Joshua

163977,Danny

163977, Pablo Soler

163977, Pilon

163977, Jesus Maria Corcoran

163977, Pirate

163977, Torelli

159835,[]

159178,George Hazard

159178, Orry Main

158420,[]

157993,[]

152380,Jane Whitefield

152380, Michael Banks

152380, Mary  Poppins

149267,Stuart Redman

149267, Glenn Bateman

149267, Nick Andros

149267, Tom Cullen

149267, Nadine Cross

149267, Fran Goldsmith

149267, Harold Lauder

149267, Joe/Leo Rockway

149267, Mother Abigail Freemantle

149267, Randall Flagg

149267, Trashcan Man

149267, The Anti-Christ

149267, Judge Farris

149267, Larry Underwood

149267, General William Starkey

149267, Major Len Creighton

149267, The Rat Man

149267, Captain Trips

149267, Charles D. Campion

149267, Lucy Swann

149267, Lloyd Henreid

149267, Julie Lawry

149267, Ralph Brentner

149267, Dayna Jurgens

149267, United States Military

149267, Kojak

149267, American Law Enforcement

146746,Daphne Manners

146746, Hari Kumar

146746, Edwina Crane

146746, Lili Chatterjee

146746, Ronald Merrick

144974,[]

140963,Evesham Giyt

140963, Alexandra Bergson

140225,Aslan

140225, Lucy Pevensie

140225, Edmund Pevensie

140225, Eustace Scrubb

140225, Prince Caspian

140225, Reepicheep

138959,[]

136116,Armand Chauvelin

136116, Marguerite Blakeney

136116, George IV of Great Britain and Ireland

136116, Percy Blakeney

136116, Armand St. Just

136116, Suzanne de Tournay

136116, Sir Andrew Ffoulkes

135836,Mark Renton

135836, Simon Williamson

135479,Bokonon

135479, Angela Hoenikker

135479, Emily Hoenikker

135479, Frank Hoenikker

135479, Newt Hoenikker

135479, Papa Monzano

135479, Mona Aamons Monzano

135479, John (divers)

133518,[]

133430,[]

133380,[]

130580,Old Yeller (Dog)

130440,Yury Andreyevich Zhivago

130440, Alexander Alexandrovich Gromeko

130440, Markel Shchapov

130440, Pavel Pavlovich Antipov

130440, Rodyon Fyodorovich Guishar

130440, Victor Ippolitovich Komarovsky

130440, Kologrivov

130440, Kuprik Tiverzin

130440, Iosif Gimazetdinovich Galiullin

130440, Nikolay Nikolayevich Vedenyapin

130440, Nicky Dudorov

130440, Misha Gordon

130440, Antonina Alexandrovna Gromeko

130440, Anna Ivanovna Gromeko

130440, Amalia Karlovna Guishar

130440, Larissa Fëdorovna Antipova

130440, Anfim Yefimovitch Samdevyatov

130440, Nadya Kologrigova

130440, Evgraf Andreevič Zivago

130440, Marina (Doctor Zhivago)

124509,Smilla Jaspersen

124509, Professor Loyen

124509, Elsa Lubing

124509, Inspector Ravn

124509, Captain Lukas

121749,Aslan

121749, Lucy Pevensie

121749, Edmund Pevensie

121749, Prince Caspian

121749, Trumpkin

121749, Peter Pevensie

121749, Susan Pevensie

121749, Reepicheep

121749, Bacchus (god)

121749, Silenus

121749, Nikabrik

121749, King Miraz

121749, Dr. Cornelius

121749, Trufflehunter

119324,Lyra Belacqua

119324, Will Parry

119324, Mary Malone

119324, Pantalaimon

119324, Marisa Coulter

119324, Lee Scoresby

119324, Stanislaus Grumman

119324, Serafina Pekkala

119324, Hester

119322,Lyra Belacqua

119322, Pantalaimon

119322, Lord Asriel

119322, Iorek Byrnison

119322, Iofur Raknison

119322, Marisa Coulter

119322, Lee Scoresby

119322, Roger Parslow

119322, Serafina Pekkala

119322, Hester

119322, Farder Coram

119322, John Faa

119322, Billy Costa

119073,William of Baskerville

119073, Adso of Melk

119073, Abo of Fossanova

119073, Severinus of Sankt Wendel

119073, Malachi of Hildesheim

119073, Berengar of Arundel

119073, Venantius of Salvemec

119073, Jorge of Burgos

119073, Remigio of Varagine

119073, Salvatore of Montferrat

119073, Nicholas of Morimondo

119073, Ubertino of Casale

119073, Bernard Gui

119073, Benno of Uppsala

119073, Alinardo of Grottaferrata

119073, Michael of Cesena

118389,[]

117833,Lucifer

117833, Pontius Pilate

117833, Behemot

117833, Master

117833, Margarita Nicolaevna

117833, Ivan Nikolayevich Ponyryov

117833, Yeshua Ha-Nozri

117833, Mikhail Alexandrovich Berlioz

117833, Hella (The Master and Margarita)

117833, Stephan Bogdanovich Likhodeyev

117833, Natasha (The Master and Margarita)

117833, Korovyev

117833, Azazello

113946,Cindy Lou Who

113946, Grinch

113946, Max

112537,Bill Norton

110737,[]

107301,Jean Paget

107301, Joe Harman

106264,[]

105986,Reginald Jeeves

105986, Dahlia Travers

105986, Roderick Spode

105986, Stephanie Byng

105986, Watkyn Bassett

105986, Bertram Wilberforce Wooster

105986, Richard P. Little

105986, Anatole

105986, Augustus Fink-Nottle

105986, Madeline Basset

105986, Agatha Wooster

105986, Aubrey Upjohn

105986, Thomas Portarlington Travers

105986, Spenser Gregson

105986, Seppings

105986, Mrs. Wintergreen

105986, Eustace Oates

105986, Harold P. Pinker

105986, Butterfield

105986, Cyril Fotheringay-Phipps

105986, Pomona Grindle

105986, Claude Cattermole Potter-Pirbright

105986, Frederick Fotheringay Widgeon

103159,[]

101299,Michael Berg

101299, Hanna Schmitz

100933,Elwin Ransom

100933, Merlin (Arthurian wizard)

100915,Aslan

100915, Lucy Pevensie

100915, Edmund Pevensie

100915, Mr. Tumnus

100915, Peter Pevensie

100915, Susan Pevensie

100915, Jadis

100915, Mr. & Mrs. Beaver

99664,Kitty Garstin

99664, Charlie Townsend

99664, Dorothy Townsend

99664, Walter  Fane

99208,George W. Hayduke

99107,Winnie the Pooh (A.A. Milne)

99107, Christopher Robin (A.A. Milne)

99107, Piglet (A.A. Milne)

99107, Owl (A.A. Milne)

99107, Kanga (A.A. Milne)

99107, Roo (A.A. Milne)

99107, Eeyore (A.A. Milne)

99107, Rabbit (A.A. Milne)

98573,[]

97333,[]

96123,Richard Nixon

96123, E. Howard Hunt

96123, Charles Colson

96123, Carl Bernstein

96123, Bob Woodward

96123, Mark Felt

96123, H. R. Haldeman

96123, John Ehrlichman

96123, Alexander Butterfield

95819,[]

93575,Lord Peter Death Bredon Wimsey

93575, Harriet Vane

93575, Gerald

93575, Duke of Denver

93575, The Honorable Freddy Arbuthnot

93575, Miss Lydgate

93575, Gerald Saint-George Wimsey

93575, Letitia Martin

93575, Helen de Vine

93575, Dr. Baring

93575, Phoebe Tucker

93575, Reggie Pomfret

93575, Miss Burrows

93575, Annie Wilson

93575, Mervyn Bunter

93405,Malte Laurids Brigge

92780,Flora Poste

92517,Amanda Wingfield

92517, Laura Wingfield

92517, Jim O'Connor

92517, Tom Wingfield

92508,Esteban

92508, Don Jaime

92508, Brother Juniper

92508, The Marquesa de Montemayor

92508, Pepita

92508, Uncle Pio

92508, Camila Perichole

92508, Madre María del Pilar

92508, Captain Alvarado

92307,[]

92057,Muhammad Ali

92057, Malcolm X

92057, George Lincoln Rockwell

92057, Alex Haley

92057, Elijah Muhammad

92057, Betty Shabazz

91661,Mary Russell

91661, Inspector Lestrade

91661, Patricia Donleavy

91661, Mrs. Hudson (Conan Doyle series)

91661, Mycroft Holmes

91661, Sherlock Holmes (Russell & Holmes series)

91661, Dr. John Watson

89724,Mary Katherine Blackwood

89724, Constance Blackwood

89724, Julian Blackwood

89724, Charles Blackwood

89724, Helen Clarke

89724, Jim Donell

89717,Dr. John Montague

89717, Eleanor Vance

89717, Theodora (The Haunting of Hill House)

89717, Luke Sanderson

89717, Mrs. Montague

89717, Arthur Parker (The Haunting of Hill House)

89717, Mrs. Dudley

88432,[]

88077,Hans Castorp

88077, Ludovico Settembrini

88077, Joachim Ziemssen

88077, Hermine Kleefeld

88077, Clavdia Chauchat

88077, Pieter Peeperkorn

87985,Alessandro Giuliani

85386,Ruth Leonard

85386, Jack Eccles

85386, Janice Angstrom

85386, Nelson  Angstrom

85386, Harry “Rabbit” Angstrom

85386, Marty Tothero

84981,Winnie Foster

84981, Angus Bain

84981, Jesse Tuck

84981, Mae Tuck

84981, Miles Tuck

84119,Aslan

84119, Lucy Pevensie

84119, Edmund Pevensie

84119, Aravis

84119, Peter Pevensie

84119, Susan Pevensie

84119, Shasta

84119, Брий

84119, Шаста

84119, Хуин

84119, Аравис

80890,Buddenbrooks

80890, Antonie Buddenbrook

80890, Johann Buddenbrook

80890, Elisabeth Buddenbrook

80890, Ida Jungmann

80890, Thomas Buddenbrook

80890, Christian Buddenbrook

80890, Jean Jacques Hoffstede

80890, Lebrecht Kröger

80890, Gotthold Buddenbrook

80890, Justus Kröger

80890, Klothilde

80890, Julie Hagenström

80890, Clara Buddenbrook

80890, Peter Döhlmann

80890, Sesame Weichbrodt

80890, Armgard von Schilling

80890, Gerda Arnoldsen

80890, Bendix Grünlich

80890, Morten Schwarzkopf

80890, Siegismund Gosch

80890, Erika Grünlich

80890, Jakob Kröger

80890, Jürgen Kröger

80890, Sievert Tiburtius

80890, Alois Permaneder

80890, Hanno Buddenbrook

80890, Hugo Weinschenk

80890, Edmund Pfühl

80890, Hermann Hagenström

80890, Kai Mölln

80616,Nick Charles

80616, Nora Charles

80410,[]

80176,Elizabeth Willard

80176, Doctor Parcival

80176, Louise Trunnion

80176, Jesse Bentley

80176, Louise Bentley

80176, David Hardy

80176, Joe Welling

80176, Alice Hindman

80176, Wash Williams

80176, Seth Richmond

80176, Tandy Hard

80176, The Reverend Curtis Hartman

80176, Kate Swift

80176, Enoch Robinson

80176, Belle Carpenter

80176, Elmer Cowley

80176, Ray Pearson

80176, Tom Foster

80176, Helen White

80176, George Willard

79834,Vincent van Gogh

79834, Theo van Gogh (1857-1891)

78433,Iris Chase

78433, Laura Chase

78433, Alex Thomas

78433, Richard Griffen

78433, Winifred Prior

78433, Norval Chase

78433, Reenie

78433, Myra Sturgess

78411,Count Olaf

78411, Klaus Baudelaire

78411, Sunny Baudelaire

78411, Arthur Poe

78411, Violet Baudelaire

78411, Justice Strauss

78039,Ramona Quimby

78039, Henry Huggins

78039, Beezus Quimby

78024,Grigore Pantelejevic Melehov

78024, Aksinja Astahova

78024, Natalija Mironovna

77767,Laura Ingalls Wilder

77767, Caroline Quiner Ingalls

77767, Charles Ingalls

77767, Mary Ingalls

77767, Carrie Ingalls

77727,Calvin

77727, Hobbes

77566,Siri

77566, Martin Silenus

77566, Sol Weintraub

77566, Consul

77566, The Shrike

77566, Rachel Weintraub

77566, Brawne Lamia

77566, Fedmahn Kassad

77566, Meina Gladstone

77566, Melio Arundez

77566, Tyrena Wingreen-Feif

77566, A. Bettik

77566, Sad King Billy

77566, Paul Duré

77566, Lenar Hoyt

77566, Het Masteen

77566, Sarai Weintraub

77566, John Keats

77554,[]

77390,Marilla Cuthbert

77390, Diana Barry

77390, Gilbert Blythe

77390, Rachel Lynde

77390, Anne Shirley

77390, Davy Keith

77390, Dora Keith

77390, Paul Irving

77390, Stephen Irving

77390, Lavender Lewis

77390, J. A. Harrison

77390, Jane Andrews

77390, Charlotta the Fourth

77390, Anthony Pye

77287,Bjartur í Sumarhúsum

77287, Ásta Sóllilja

77287, Nonni

77287, Helgi

77287, Gvendur

77287, Ingólfur Arnarson

77287, Rauðsmýrarmaddaman

77287, Jón

77287, hreppstjóri

77287, Rósa

77287, Finna

77287, Hallbera

77163,[]

77156,[]

77142,Kabuo Miyamoto

77142, Ishmael Chambers

77142, Hatsue Miyamoto

77142, Carl Heine

77013,Cash Bundren

77013, Anse Bundren

77013, Addie Bundren

77013, Darl Bundren

77013, Jewel Bundren

77013, Dewey Dell

77013, Vardaman Bundren

77013, Vernon Tull

77013, Cora Tull

77013, Peabody

76889,[]

76778,[]

76620,Bigwig

76620, Fiver

76620, El-Ahrairah

76620, Hazel

76620, Pipkin

76620, Blackberry

76620, Dandelion

76620, Hyzenthlay

76620, Frith

76620, Silver (Watership Down)

76620, Kehaar

76620, General Woundwort

76401,Sitting Bull

76401, Red Cloud

76401, Ely Parker

76401, Cochise

76401, Quanah Parker

76401, Kicking Bird

76401, Ten Bears

76401, Crazy Horse

76401, Chief Joseph

76401, Manuelito

76401, Little Crow

76401, Geronimo

76171,D-503

76171, I-330

76171, S-4711

76171, O-90

76171, R-13

74406,Dunstan Ramsay

74406, Boy Staunton

72657,[]

72579,Grace Marks

72159,Brick Pollitt

72159, Margaret Maggie Pollitt

72159, Big Daddy Pollitt

72159, Big Mama Pollitt

72159, Gooper Pollitt

72159, Mae Pollitt

72003,[]

71728,Jonathan Livingston Seagull

71728, Chiang

71728, Fletcher Lynd Seagull

70561,[]

70401,[]

68811,Momo

68811, Beppo Roadsweeper

68811, Master Hora

68811, Cassiopeia

68811, Guido Guide

68811, Men in Grey

68783,Susanna Kaysen

65605,Polly

65605, Aslan

65605, Digory Kirke

65605, Jadis

65605, Andrew Kirke

65605, Sarah Houplin

65605, Letitia Ketterley

64216,Nobby Nobbs

64216, Carrot Ironfoundersson

64216, Sam Vimes

64216, Cut Me Own Throat Dibbler

64216, Havelock Vetinari

64216, Sybil Deidre Olgivanna Ramkin

64216, DEATH

64216, The Librarian

64216, Lupine Wonse

64216, Fred Colon

63913,[]

63697,[]

63033,Ulises Lima

63033, Arturo Belano

63033, Auxilio Lacouture

63033, Ernesto San Epifanio

63033, María Font

63033, Angélica Font

63033, Julio César Álamo

63033, Cesárea Tinajero

63033, Laura Jáuregui

63033, Alberto Moore

61975,Lessa

61975, F'lar

61666,Dr. Eleanor Ellie Arroway

61666, Dr. David Drumlin

61666, Theodore Arroway

61666, Palmer Joss

61666, John Staughton

61666, Willie

61666, Michael Kitz

61666, Peter Valerian

61666, Kenneth Ken der Heer

61666, Vasili  Vaygay Gregorovitš Lunatšarski

61666, Billy Jo Rankin

61666, Elli Sukhavati

61666, Xi

61666, Eda Abonneta

61666, Sol R. Hadden

61539,[]

61535,[]

60931,Dana Franklin

60931, Kevin Franklin

60931, Rufus Weylin

60931, Tom Weylin

60931, Margaret Weylin

60931, Alice Greenwood

59960,Oliver Queen

59960, Harvey Dent

59960, Alfred Pennyworth

59960, Carrie Kelley

59960, James Gordon

59960, Bruce Wayne

59960, Joker

59960, Selina Kyle

59960, Superman

59716,James Ramsay

59716, Mrs. Ramsay

59716, Mr. Ramsay

59716, Lily Briscoe

59716, Paul Rayley

59716, Minta Doyle

59716, Charles Tansley

59716, William Bankes

59716, Augustus Carmichael

59716, Andrew Ramsay

59716, Jasper Ramsay

59716, Roger Ramsay

59716, Prue Ramsay

59716, Rose Ramsay

59716, Nancy Ramsay

59716, Cam Ramsay

59716, Mrs. McNab

59219,Jack Sawyer

59219, Morgan Sloat

57913,George Dorn

57913, Joseph Malik

57913, Hagbard Celine

57913, Saul Goodman

57913, Barney Muldoon

57913, Simon Moon

57913, Stella Maris

57913, John Dillinger

57586,Per Hansa

56674,Jamie Graham

56674, Dr. Ransome

56674, Mary Graham

56674, John Graham

56373,[]

56034,Sarah Woodruff

56034, Charles Smithson

56034, Ernestina Freeman

56034, Sam Farrow

56034, Dr Grogan

56034, Mrs. Poulteney

55428,Robert Graves

55403,[]

55030,[]

54270,Adolf Hitler

53969,Urania Cabral

53969, Agustín Cabral

53969, Rafael Trujillo

53969, Johnny Abbes García

53969, Ramfis Trujillo

53969, Joaquín Balaguer

53969, Antonio Imbert Barrera

53969, Antonio de la Maza

53835,Newland Archer

53835, May Welland

53835, Ellen Olenska

53835, Mrs. Manson Mingott

53835, Mrs. Augusta Welland

53413,Traveler

53413, Talita

53413, Horacio Oliveira

53413, La Maga

53413, Morelli

53064,Gustave von Aschenbach

53022,Tiriel

53022, Yeats

53022, Theotormon

53022, Boehme

53022, Heva

53022, Zazel

53022, Dectora

53022, Aibric

53022, Aherne

53022, Vijaya

53022, S. Patrick

53022, Edain

53022, John Synge

53022, Lomair

53022, Forgael

51606,Joe Bonham

51504,Henry Chinaski

50833,Anne Welles

50833, Neely O'Hara

50833, Jennifer North

50275,Harry Black

50275, Big Joe

50275, Tralala

50181,[]

49552,Meursault

49552, Raymond Sintès

49552, Marie Cardona

49552, Salamano

49256,[]

48464,Tom T. Shiftlet

48464, Lucynell Crater

48328,Frank Wheeler

48328, April Wheeler

48328, Shep Campbell

48328, Milly Campbell

48132,Gerald Durrell

48132, Lawrence Durrell

48132, Margo Durrell

48132, Leslie Durrell

47401,Caro Clairmont

47401, Josephine Bonnet

47401, Anouk Rocher

47401, Vianne Rocher

47401, Roux

47401, Francis Reynaud

47401, Armande Voizin

47401, Paul-Marie Muscat

47401, Luc Clairmont

47401, Guillaume Duplessis

47281,Annemarie Johansen

47281, Ellen Rosen

46799,[]

46654,Hari Seldon

46654, Salvor Hardin

46654, Hober Mallow

46654, Mule

46654, Arkady Darell

46456,[]

46231,[]

46201,[]

46199,[]

46170,Maria

46170, Pilar

46170, Robert Jordan

46170, Anselmo

46170, El Sordo

46170, Pablo Saler

46165,Amory Blaine

46165, Isabelle Borgé

46165, Rosalind Connage

46165, Monsignor Thayer Darcy

46165, Beatrice Blaine

46165, Alec Connage

46165, Clara Page

46165, Tom D'Invilliers

46165, Kerry Holiday

46165, Burne Holiday

46165, Eleanor Savage

46165, Dick Humbird

46165, Cecilia Connage

46165, Myra St. Clare

46164,Dick Diver

46164, Nicole Diver

46164, Rosemary Hoyt

46164, Elsie Speers

46164, Abe North

46164, Franz Gregorovius

46164, Baby Warren

46164, Tommy Barban

46164, Mary North

46164, Violet McKisco

46164, Albert McKisco

46164, Devereux Warren

45195,Adela Quested

45195, Ronny Heaslop

45195, Mrs. Moore

45195, Dr. Aziz

45195, Cyril Fielding

45195, Maj. Callendar

45195, Mr. Turton

45195, Mrs. Turton

45195, Mr. McBryde

45195, Professor Maryan Godbole

45195, Miss Derek

45195, Nawab Bahadur

45195, Hamidullah

45195, Amritrao

45195, Mahmoud Ali

45195, Dr. Panna Lal

45195, Ralph Moore

45195, Stella Moore

43945,[]

43916,[]

43889,Richard Cypher

43889, Kahlan Amnell

43889, Zeddicus Zu'l Zorander

43889, Darken Rahl

43814,Lestat de Lioncourt

43814, Gabrielle de Lioncourt

43814, Akasha

43814, Marius de Romanus

43814, Nicolas de Lenfrent

43814, Louis de Pointe du Lac

43814, Armand

43763,Lestat de Lioncourt

43763, Claudia

43763, Daniel Molloy

43763, Louis de Pointe du Lac

43758,Lestat de Lioncourt

43758, Gabrielle de Lioncourt

43758, Maharet

43758, Akasha

43758, Enkil

43758, Mael

43758, Khayman

43758, Jesse Miriam Reeves

43758, Marius de Romanus

43758, Daniel Molloy

43758, Louis de Pointe du Lac

43758, Armand

43615,Jake Chambers

43615, Roland Deschain

43545,Merlin (Arthurian wizard)

43545, Sir Lancelot

43545, Sir Mordred

43545, Queen Guinevere

43545, King Arthur

43448,Cathy Dollanganger

43448, Chris Dollanganger

43448, Cory Dollanganger

43448, Carrie Dollanganger

43448, Corrine Dollanganger

43448, Olivia Foxworth

43035,White Fang

42697,[]

42696,[]

42692,[]

42603,[]

41804,Susan Calvin

41804, Mike Donovan

41681,Jurgis

41681, Ona Lukoszaite

41681, Teta Elzbieta Lukoszaite

40425,Tarzan

40425, Jane Porter

40425, Archimedes Q. Porter

40425, Samuel T. Philander

40425, William Cecil Clayton

40425, Esmeralda (Jane Porter's governess)

40425, John Clayton

40425, Lord Greystoke

40425, Alice Rutherford Clayton

40425, Lady Greystoke

40425, Black Michael

40425, Captain Billings

40425, Kerchak

40425, Kala

40425, Tantor

40425, Tublat

40425, Neeta

40425, Histah

40425, Bolgani

40425, Numa

40425, Sheeta

40425, Horta

40425, Pisah

40425, Kulonga

40425, Mbonga

40425, Bara

40425, Arn

40425, Dango

40425, Monu

40425, Terkoz

40425, Thaka

40425, Mungo

40425, Tana

40425, Gunto

40425, Mirando

40425, Munango-Keewati

40425, Snipes

40425, Porky Evans

40425, Jane Porter

40425, Sr.

40425, King

40425, Peter

40425, Tom

40425, Bill

40425, Tarrant

40425, Hazel Strong

40425, Robert Canler

40425, Lieutenant D'Arnot

40425, Lieutenant Charpentier

40425, Captain Dufranne

40425, Sabor

40189,[]

40024,Dr. Laszlo Kreizler

40024, John Schuyler Moore

40024, Theodore Roosevelt

39988,Matilda Wormwood

39988, Miss Honey

39988, Miss Trunchbull

39926,[]

39662,Andy Dufresne

39662, Ellis Boyd Redding

39662, Todd Bowden

39662, Kurt Dussander

39662, Gordie Lachance

39662, Chris Chambers

39058,Titus Groan

39058, Steerpike

39058, Dr. Alfred Prunesquallor

39058, Lord Sepulchrave

39058, Mr. Flay

39058, Abiatha Swelter

39058, Gertrude Groan

39058, Fuchsia Groan

39058, Keda

39058, Nannie Slagg

39058, Cora Groan

39058, Clarice Groan

38787,Juan Preciado

38723,[]

38709,Stanley Yelnats

38503,[]

38447,The Commander

38447, Offred

38447, Serena Joy

38447, Ofglen

38447, Moira

38447, Aunt Lydia

38447, Nick (The Handmaid's Tale)

38447, Janine (The Handmaid's Tale)

38180,Dwight Towers

38180, Moira Davidson

38180, Peter Holmes

38180, Mary Holmes

38180, John Osborne

38169,Randy Bragg

37781,Okonkwo

37781, Ikemefuna

37781, Ezinma

37781, Nwoye

37732,[]

37677,Buck

37677, Spitz

37677, John Thornton

37415,Eleanor

37415, Sam Watson

37415, Shelby

37415, Janie Starks

37415, Pheoby Watson

37415, Nanny

37415, Leafy

37415, Johnny Taylor

37415, Logan Killicks

37415, Jody Starks

37415, Tea Cake

37415, Pearl Stone

37415, Mrs. Sumpkins

37415, Lulu Moss

37415, Mis' Washburn

37415, Mr. Washburn

37415, Miss Nellie

37415, Mayrella

37380,John Singer

37380, Spiros Antonapoulos

37380, Biff Brannon

37380, Jake Blount

37380, Mick Kelly

37380, Benedict Copeland

37095,Penelope Keeling

35519,[]

34527,Nobby Nobbs

34527, Carrot Ironfoundersson

34527, Sam Vimes

34527, Cut Me Own Throat Dibbler

34527, Havelock Vetinari

34527, Sybil Deidre Olgivanna Ramkin

34527, DEATH

34527, Angua von Überwald

34527, Fred Colon

34440,Adrian Leverkühn

34440, Serenus Zeitblom

34440, Rüdiger Schildknapp

34440, Rudi Schwerdtfeger

34440,

34268,Peter Pan (J.M. Barrie)

34268, The Twins

34268, John Darling (J.M. Barrie)

34268, Michael Darling (J.M. Barrie)

34268, James Hook

34268, Smee (J.M. Barrie)

34268, Nibs

34268, Tootles

34268, Slightly

34268, Curly

34268, Tinker Bell (J.M. Barrie)

34268, Wendy Darling (J.M. Barrie)

34080,[]

34053,Stute fish

34053, Mariner

34053, Rhinoceros

34053, Ethiopian

34053, Elephant's Child

34053, Aunt Ostrich

34053, Uncle Giraffe

34053, Aunt Hippopotamus

34053, Uncle Baboon

34053, Kolokolo Bird

34053, Bi-Colored-Python-Rock-Snake

34053, Kangaroo

34053, Old Man Kangaroo

34053, Tired Old Kangaroo

34053, Dingo—Yellow-Dog

34053, Tired-Dog

34053, Poor-Dog

34053, Nqong

34053, Stickly-Prickly Hedgehog

34053, Slow-Solid Tortoise

34053, Painted Jaguar

34053, All-the-Turtle-there-was

34053, Man

34053, aka Son of Adam

34053, Pau Amma

34053, Little girl-daughter

34053, Wild Man

34053, Wild Dog

34053, Wild Horse

34053, Wild Cow

34053, Wild Cat

34053, Solomon the Son of David

34053, aka The Most Wise Sovreign Suleiman-bin-Daoud

34053, The Most Beautiful Queen Balkis

33609,Katherine Swynford

33609, Edward III of England

33609, John of Gaunt

33609, 1st Duke of Lancaster

33609, Alice Perrers

33609, Blanche of Lancaster

32929,[]

32769,Charles Dexter Ward

32769, William Dyer

32682,Jack Ryan Sr*

32542,Jake Brigance

32542, Carl Lee Hailey

32542, Lucien Wilbanks

32542, Harry Rex Vonner

32542, Tonya Hailey

32542, James Willard

32542, Billy Ray Cobb

32542, Ellen Roark

32542, Ozzie Walls

32542, Judge Omar Noose

32542, Rufus Buckley

32542, Ethel Twitty

32542, Freddy Cobb

32542, Stump Sisson

32542, Mickey Mouse (A Time to Kill)

32542, Ollie Agee

32542, Mack Loyd Crowell

32542, Bo Marsharfsky

32542, Dr. W.T. Bass

32542, Clyde Sisco

32542, DeWayne Looney

32542, Dr. Wilbert Rodeheaver

32542, Wanda Womack

32499,Darby Shaw

32499, Thomas Callahan

32499, Gavin  Verheek

32499, Gray Grantham

32499, Victor Mattiece

32234,Astrid Magnusson

32234, Ingrid Magnusson

32085,James Herriot

32085, Siegfried Farnon

32085, Tristan Farnon

32085, Helen Alderson

32085, Mrs. Hall

32085, Mrs. Pumphrey

32085, Tricky Woo

32085, Granville Bennet

32085, Diana Brompton

32085, Herbert Jarvis

32085, Broom

32085, Charlie Dent

32085, John Skipton

32085, Copfield

32071,Paul Morel

32071, Gertrude Morel

32071, Walter Morel

32049,Constance Chatterley

32049, Oliver Mellors

32049, Clifford Chatterley

32049, Mrs. Bolton

31196,Elliott Templeton

31196, Larry Darrell

31196, Louisa Bradley

31196, Sophie Macdonald

31196, Gray Maturin

31196, Isabel Bradley

31196, Dr. Bob Nelson

31196, W. Somerset Maugham

31196, Suzanne Rouvier

31122,Cassandra Mortmain

31122, Rose Mortmain

31122, James Mortmain

31122, Topaz Mortmain

31122, Thomas Mortmain

31122, Stephen Colly

31122, Simon Cotton

31122, Neil Cotton

31122, Miss Marcy

31122, Aubrey Fox-Cotton

31122, Leda Fox-Cotton

30933,Charles Ryder

30933, Lord Sebastian Flyte

30933, Lady Julia Flyte

30933, Rex Mottram

30933, Anthony Blanche

30868,Taylor Greer

30868, Turtle Greer

30868, Lou Ann Ruiz

30868, Estevan

30868, Esperanza

30868, Mattie

30119,[]

30118,[]

29999,Casper Gutman

29999, Effie Perine

29999, Brigid O'Shaughnessy

29999, Joel Cairo

29999, Sam Spade

29946,[]

29641,Maurice Bendrix

29641, Sarah Miles

29641, Henry Miles

29641, Richard Smythe

29581,Hari Seldon

29581, Mule

29581, Bel Riose

29581, Toran Darell

29581, Bayta Darell

29579,Hari Seldon

29579, Hober Mallow

29579, Salvor Hardin

29209,[]

29127,The Last Unicorn

29127, Mommy Fortuna

29127, Schmendrick

29127, Molly Grue

29127, King Haggard

29127, Prince Lír

29044,Richard Papen

29044, Camilla Macaulay

29044, Julian Morrow

29044, Charles Macaulay

29044, Henry Winter

29044, Edmund Corcoran

29044, Francis Abernathy

28921,James Stevens

28921, Miss Kenton

28921, Lord Darlington

28921, Mr. Farraday

28921, Reginald Cardinal

28921, M. Dupont

28921, William Stevens

28921, Senator Lewis

28859,Lucifer

28859, Herod the Great (b. 72 BCE)

28859, Pontius Pilate

28859, Legion

28859, Joseph (bible - husband of Mary)

28859, Herod Antipas

28859, John the Baptist

28859, Mary Magdalene

28859, Martha (Bible)

28859, Lazarus (Bible)

28859, Jesus

28859, James (brother of Jesus)

28859, Peter (Apostle)

28859, Judas Iscariot

28859, Satan

28859, God

28859, Mary (mother of Jesus)

28859, Andrew (Apostle)

28859, James (Apostle)

28859, John (Apostle)

28859, Joses (brother of Jesus)

28859, Judas (brother of Jesus)

28859, Thomas (Apostle)

28676,Tom Cruise

28676, Patrick Bateman

28676, Evelyn Richards

28676, Timothy Price

28676, Paul Owen

28676, Luis Carruthers

28676, Courtney Lawrence

28676, Donald Kimball

27333,[]

27323,[]

27208,de Selby

24983,Kivrin Engle

24983, James Dunworthy

24983, Badri Chaudhuri

24861,Emil Sinclair

24861, Max Demian

24830,[]

24800,Zampanò

24800, Will Navidson

24800, Karen Green

24800, Johnny Truant

24731,Delany Mossbacher

24731, Candido Rincon

24731, America Rincon

24337,Ella Varner

24337, Lucinda

24337, Mandy

24337, Prince Charmont

24337, Areida

24337, Hattie

24337, Olive Abroholos Elephanta

24178,Fern

24178, Avery

24178, Charlotte

24178, Wilbur

24178, Templeton

24113,[]

23807,Jack Crawford

23807, Hannibal Lecter

23807, Clarice Starling

23772,Sam-I-Am

23529,Aleister Crowley

23529, Oscar Wilde

23529, William Morris

23529, Frederick George Abberline

23529, Joseph Merrick

23529, Queen Victoria

23529, Jack the Ripper

23522,[]

22911,Karl Rossmann

22911, Robinson

22911, Delamarche

22911, Brunelda

22904,[]

22628,Bill

22628, Mary-Elizabeth

22628, Charlie

22628, Sam

22628, Patrick

22628, Michael

22628, Aunt Helen

22590,Glen Runciter

22590, Joe Chip

22590, Jory

22590, Ella Runciter

22590, Patricia Conley

22590, Al Hammond

22590, Don Denny

22590, Wendy Wright

22590, Stanton Mick

22478,[]

22232,Stargirl Caraway

22232, Leo Borlock

22232, Archie Brubaker

22034,Don Vito Corleone

22034, Michael Mike Corleone

22034, Santino Sonny Corleone

22034, Constanzia Connie Corleone

22034, Fredo Freddie Corleone

22034, Tom Hagen

22034, Johnny Fontane

22034, Peter Pete Clemenza

22034, Al Neri

22034, Rocco Lampone

22034, Luca Brasi

22034, Michael Mike Corleone

22034, Santino Sonny Corleone

22034, Constanzia Connie Corleone

22034, Fredo Freddie Corleone

22034, Tom Hagen

22034, Johnny Fontane

22034, Peter Pete Clemenza

22034, Luca Brasi

21787,Buttercup

21787, Westley

21787, Prince Humperdinck

21787, Inigo Montoya

21787, Fezzik

21787, Vizzini

21787, Count Rugen

21787, Miracle Max

21787, The Dread Pirate Roberts

21787, Ty Cobb

21611,William Mandella

21611, Marygay Potter

21611, Charlie Moore

21484,Joseph Stalin

21484, Benito Mussolini

21484, Victor Henry

21484, Byron Henry

21484, Eleanor Roosevelt

21484, Aaron Jastrow

21484, Natalie Jastrow

21484, Rhoda Henry

21484, Warren Henry

21484, Franklin Delano Roosevelt

21484, Adolf Hitler

21484, Winston Churchill

21484, Pamela Tudsbury

21484, Hermann Göring

19691,Marko Aleksandrovich Ramius

19691, Jack Ryan Sr*

19691, Dr. Cathy Ryan

19691, Ivan Yurievich Putin

19691, Viktor Alexievich Tupolev

19691, Bartolomeo Vito Mancuso

19691, Oliver Wendell Tyler

19691, Alexei Arbatov

19691, Ronald Jones

19691, Charles Davenport

19691, Valintin Bugayev

19543,Max Cannon

19534,[]

19494,Alec Leamas

19494, Elizabeth Gold

19494, Karl Riemeck

19494, Fiedler

19494, Peter Guillam

19494, George Smiley

19494, Hans-Dieter Mundt

19321,Peter Rabbit

19321, Flopsy Rabbit

19321, Mopsy Rabbit

19321, Cotton-tail Rabbit

19321, Mrs. Rabbit

19321, Mr. McGregor

19302,Tommy Settergren

19302, Pippi Långstrump

19302, Annika Gannec

19302, Mrs. Settergren

19302, Mr. Nilsson the monkey

18796,[]

18765,Nero (emperor)

18765, Caligula

18765, Livia Drusa

18765, Agrippina the Elder

18765, Valeria Messalina

18765, Tiberius Claudius Caesar Augustus Germanicus

18765, Augustus

18545,Horatio

18545, Polonius

18545, Laertes

18545, Rosencrantz and Guildenstern

18545, Claudius

18545, King of Denmark

18545, Gertrude

18545, Ophelia

18545, Hamlet

18521,[]

18452,[]

18423,Genly Ai

18423, Therem Harth rem ir Estraven

18423, Argaven XV

18405,Scarlett O'Hara

18405, Rhett Butler

18405, Ashley Wilkes

18405, Melanie Hamilton Wilkes

18405, Wade Hampton Hamilton

18405, Ella Lorena Kennedy

18405, Eugenie Victoria Bonnie Blue Butler

18405, Beau Wilkes

18405, India Wilkes

18405, Honey Wilkes

18405, John  Wilkes

18405, Gerald O'Hara

18405, Ellen O'Hara

18405, Suellen O'Hara

18405, Carreen O'Hara

18405, Eulalie

18405, Pauline

18405, Mammy Abigail

18405, Prissy

18405, Pork

18405, Dilcey

18405, Charles Hamilton

18405, Frank Kennedy

18405, Belle Watling

18405, Jonas Wilkerson

18405, Emmie Slattery

18405, Will Benteen

18405, Aunt Pittypat Hamilton

18405, Uncle Peter

18373,Charlie Gordon

18373, Alice Kinnian

18373, Algernon

18373, Fay Lillman

18373, Professor Harold Nemur

18373, Dr. Strauss

18373, Burt Seldon

18122,Lyra Belacqua

18122, Will Parry

18122, Mary Malone

18122, Pantalaimon

18122, Lord Asriel

18122, Iorek Byrnison

18122, Marisa Coulter

18122, Lee Scoresby

18122, Roger Parslow

18122, Stanislaus Grumman

18122, Serafina Pekkala

18116,Lyra Belacqua

18116, Will Parry

18116, Mary Malone

18116, Pantalaimon

18116, Lord Asriel

18116, Iorek Byrnison

18116, Iofur Raknison

18116, Marisa Coulter

18116, Lee Scoresby

18116, Roger Parslow

18116, Stanislaus Grumman

18116, Serafina Pekkala

17961,[]

17841,Jacopo Belbo

17841, Diotallevi

17841, Casaubon

17841, Signor Casaubon

17841, Belbo

17841, Dr. Diotallevi

17841, Aglie

17841, Sergei Witte

17841, Elie de Cyon

17841, Mary Lena

17841, Hugues de Champagne

17841, Artois

17841, Gabriel Naudé

17841, de Maistre

17841, Theo Fox

17841, Dufy

17841, Abbé Barruel

17841, Monsieur Rodin

17841, Philippe Nizier Anselme Vachot

17841, Péladan

17841, Justine Glinka

17841, Leo Fox

17728,Lily Bart

17728, Lawrence Selden

17728, Simon Rosedale

17728, Judy Trenor

17728, Gus Trenor

17728, Percy Gryce

17728, Bertha Dorset

17728, George Dorset

17728, Gerty Farish

17728, Julia Peniston

17728, Carry Fisher

17728, Lily Bart

17728, Lawrence Selden

17728, Simon Rosedale

17728, Judy Trenor

17728, Gus Trenor

17728, Percy Gryce

17728, Bertha Dorset

17728, George Dorset

17728, Gerty Farish

17728, Ju

17717,[]

17716,Estragon

17716, Vladimir (Samuel Beckett)

17716, Lucky

17716, Pozzo

17716, boy

17690,Josef K.

17690, Fräulein Elsa

17690, Fräulein Bürstner

17690, Karl K.

17690, Herr Huld

17690, Rudi Block

17690, Frau Grubach

17690, Leni

17690, Titorelli

17690, Franz

17690, Willem

17690, Albert K.

17690, Erna K.

17349,[]

17343,Psyche (mythology)

17343, Orual

17250,Rev. Parris

17250, Tituba

17250, Abigail Williams

17250, John Proctor

17250, Elizabeth Proctor

17250, Giles Corey

17250, Rebecca Towne Nurse

17250, Mary Warren

17250, Deputy Governor Danforth

17214,Juan Rico

17150,Ántonia Shimerda

17150, Jim Burden

17150, Josiah Burden

17150, Emmaline Burden

17150, Ambrosch Shimerda

17150, Lena Lingard

17150, Otto Fuchs

17150, Jake Marpole

17150, Mr. Shimerda

17150, Mrs. Shimerda

17125,Ivan Denisovich Shukhov

16981,Mr. Norton

16981, Jim Trueblood

16981, Dr. Hebert Bledsoe

16981, Mary Rambo

16981, Lucius Brockway

16981, Brother Jack

16981, Tod Clifton

16981, Ras the Exhorter

16981, Sybil (Invisible Man)

16981, Unnamed Narrator

16793,Tristran Thorn

16793, Ywain

16793, Victoria Forester

16793, Dunstan Thorn

16793, Madame Semele

16793, Lady Una

16793, Lord Primus

16793, Lord Septimus

16793, The Lilim

16793, Mr. Monday

16735,Tom Wingo

16735, Dr. Susan Lowenstein

16735, Savannah Wingo

16735, Luke Wingo

16735, Lila Wingo

16735, Henry Wingo

16735, Sallie Wingo

16735, Bernard Woodruff

16735, Herbert Woodruff

16735, Eddie Detreville

16735, Tolitha Wingo

16735, John Stanopolous

16735, Reese Newbury

16735, Amos Wingo

16690,Manuel Garcia Mannie O'Kelly-Davis

16690, Wyoming Wyoh Knott

16690, Professor Bernardo de la Paz

16690, Adam Selene

16690, Stuart Rene Stu LaJoie

16690, HOLMES IV

16634,Joseph Knecht

16631,Maria

16631, Harry Haller

16631, Pablo Soler

16631, Hermine

16527,Eliza Sommers

16527, Rose Sommers

16527, Joaquín Andieta

16527, Jacob Todd

16527, Tao Chi'en

16328,Hercule Poirot

16328, Dr. James Sheppard

16328, Caroline Sheppard

16328, Roger Ackroyd

16328, Flora Ackroyd

16328, Mrs. Ackroyd

16328, Hector Blunt

16328, Ralph Paton

16328, Geoffrey Raymond (The Murder of Roger Ackroyd)

16328, Parker (The Murder of Roger Ackroyd)

16328, Elizabeth Russell (The Murder of Roger Ackroyd)

16328, Mrs. Ferrars

16328, Charles Kent

16328, Inspector Raglan

16328, Mr. Hammond

16299,Justice Lawrence John Wargrave

16299, Vera Elizabeth Claythorne

16299, Philip Lombard

16299, General John Gordon Macarthur

16299, Dr Edward George Armstrong

16299, Anthony James Marston

16299, William Henry Blore

16299, Mr Thomas Rogers

16299, Mrs Ethel Rogers

16299, Emily Caroline Brent

16299, Isaac Morris

16299, Fred Narracott

16286,Nicholas Urfe

16286, Alison Kelly

16286, Maurice Conchis

16286, Julie Holmes

16286, June Holmes

16286, Lily de Seitas

16286, Joe Harrison

16286, Sandy Mitford

16286, Demetriades

16286, Joan Kemp

16286, John Leverrier

16286, John Briggs

16213,[]

15881,Ron Weasley

15881, Petunia Dursley

15881, Vernon Dursley

15881, Dudley Dursley

15881, Severus Snape

15881, Rubeus Hagrid

15881, Lord Voldemort

15881, Minerva McGonagall

15881, Neville Longbottom

15881, Fred Weasley

15881, George Weasley

15881, Percy Weasley

15881, Ginny Weasley

15881, Colin Creevey

15881, Filius Flitwick

15881, Gilderoy Lockhart

15881, Lucius Malfoy

15881, Pomona Sprout

15881, Arthur Weasley

15881, Molly Weasley

15881, Cornelius Fudge

15881, Poppy Pomfrey

15881, Oliver Wood

15881, Dobby

15881, Parvati Patil

15881, Dean Thomas

15881, James Potter

15881, Seamus Finnigan

15881, Rolanda Hooch

15881, Katie Bell

15881, Draco Malfoy

15881, Albus Dumbledore

15881, Harry Potter

15881, Hermione Granger

15622,Bigger Thomas

15622, Mary Dalton

15622, Mrs. Dalton

15622, Henry Dalton

15622, Jan Erlone

15622, Boris Max

15622, Mrs. Thomas

15622, Buddy Thomas

15622, Vera Thomas

15241,Frodo Baggins

15241, Meriadoc Brandybuck

15241, Peregrin Took

15241, Gandalf

15241, Aragorn

15241, Gimli

15241, Boromir

15241, Bilbo Baggins

15241, Eriol

15241, Rúmil

15241, Treebeard

15241, Saruman

15241, Éowyn

15241, Éomer

15241, Elrond Half-elven

15241, Arwen Undómiel

15241, Galadriel

15241, Faramir

15241, Gollum

15241, Legolas

15241, Sam Gamgee

15196,Vladek Spiegelman

15196, Anja Spiegelman

15196, Art Spiegelman

15196, Mala Spiegelman

15195,Vladek Spiegelman

15195, Anja Spiegelman

15195, Art Spiegelman

15195, Mala Spiegelman

14942,Clarissa Dalloway

14942, Septimus Warren Smith

14942, Peter Walsh

14942, Sally Seton

14942, Richard Dalloway

14942, Lucrezia Smith

14942, Hugh Whitbread

14942, Elizabeth Dalloway

14942, Doris Kilman

14942, Sir William Bradshaw

14891,Francie Nolan

14891, Neeley Nolan

14891, Katie Nolan

14891, Johnny Nolan

14891, Mary Rommely

14891, Sissy Rommely

14891, Eva Evy Rommely Flittman

14891, Thomas Rommely

14891, Sergeant McShane

14836,Saleem Sinai

14836, Jawaharlal Nehru

14836, Reginald Dyer

14836, Aadam Aziz

14836, Naseem Ghani

14836, Amina Sinai

14836, Mumtaz Aziz

14836, Ahmed Sinai

14836, Emerald Aziz

14836, Nadir Khan

14836, Padma Mangroli

14836, Tai

14836, Maggiore Zulfikar

14836, Mian Abdullah

14836, Rani of Cooch Naheen

14836, Lifafa Das

14836, Shri Ramram Seth

14836, Mustapha Kemal

14836, S. P. Butt

14836, William Methwold

14836, Wee Willie Winkie

14836, Vanita

14836, Mary Pereira

14836, Joseph D'Costa

14836, Doctor Narlikar

14836, Hanif Aziz

14836, Sonny Ibrahim

14836, Homi Catrack

14836, Lila Sabarmati

14836, The Brass Monkey / Jamila Singer

14836, Ismail Ibrahim

14836, Nussie Ibrahim

14836, Doctor Schaapsteker

14836, Musa

14836, Cyrus Dabash / Cyrus-the-great

14836, Sonia Aziz

14836, Mustapha Aziz

14836, Pia Aziz

14836, Commander Sabarmati

14836, Toxy Catrak

14836, Evie Lilith Burns

14836, Qasim Khan

14836, Emil Zagallo

14836, Alauddin Latif / Uncle Puffs

14836, Farooq Rasheed

14836, Shaheed Dar

14836, Ayooba Baloch

14817,Bob Arctor

14817, Donna Hawthorne

14817, Ernie Luckman

14817, Jim Barris

14817, Charles Freck

14497,Richard Mayhew

14497, Door

14497, Marquis de Carabas

14497, Hunter

14497, Mr. Croup

14497, Mr. Vandemar

14497, Islington

14497, Jessica Bartram

14497, Old Bailey

14249,Deanna Wolfe

14249, Eddie Bondo

14249, Lusa Maluf Landowski

14249, Garnett Walker

14249, Nannie Rawley

13872,Olympia Oly Binewski

13872, Arturo Arty Binewski

13872, Al Binewski

13496,Brandon Stark

13496, Catelyn Stark

13496, Tyrion Lannister

13496, Daenerys Targaryen

13496, Eddard Stark

13496, Theon Greyjoy

13496, Robb Stark

13496, Arya Stark

13496, Jaime Lannister

13496, Joffrey Baratheon

13496, Robert Baratheon

13496, Tywin Lannister

13496, Lysa Arryn

13496, Petyr Baelish

13496, Sansa Stark

13496, Viserys Targaryen

13496, Varys

13496, Hodor

13496, Beric Dondarrion

13496, Thoros of Myr

13496, Sandor Clegane

13496, Samwell Tarly

13496, Pyp

13496, Tommen Baratheon

13496, Stannis Baratheon

13496, Grenn

13496, Mace Tyrell

13496, Septa Mordane

13496, Jon Snow

13496, Cersei Lannister

13496, Jorah Mormont

13214,Maya Angelou

13214, Bailey Johnson Jr.

13214, Annie Momma Henderson

13214, Uncle Willie

13214, Bailey Johnson

13214, Vivian Baxter

13214, Mr. Freeman (I Know Why The Caged Bird Sings)

13103,[]

13033,[]

12967,Peter Lake

12967, Beverly Penn

12967, Mootfowl

12967, Issac Penn

12967, Willa Penn

12967, Harry Penn

12967, Jayga

12967, Pearly Soames

12898,Willy Loman

12898, Linda Loman

12898, Happy Loman

12898, Biff Loman

12898, Ben Loman

12898, Howard Wagner

12781,Gibreel Farishta

12781, Saladin Chamcha

12749,Narrator/Marcel

12749, Baron de Charlus

12749, Mme Swann

12749, Gilberte Swann

12749, Cottard

12749, Odette de Crécy

12749, Charles Swann

12749, Françoise de Combray

12749, Madame Verdurin

12661,[]

12659,[]

12657,[]

12557,Winnie

12557, Auntie Helen

12557, Pearl Rush

12557, Mary

12557, Frank Russell

12557, Roger Bao Bao

12557, Doug Cheu

12557, Phil Brandt

12557, Tessa Russo

12557, Cleo

12557, Mimi Wong

12557, Loy Fong

12557, Edna Fong

12557, New Aunt

12557, Old Aunt

12557, Wen Fu

12557, Huazheng Peanut

12557, Uncle Henry

12527,[]

12467,Gallagher

12467, Croft

12467, Hearn

12467, General Cummings

12448,Eugene Gant

12395,Ferdinand Bardamu

12395, Léon Robinson

12395, Madelon

12395, Lola

12395, Madame Henrouille

12395, Alcide

12395, Musyne

12395, Bébert

12395, Molly

12395, Parapine

12395, Baryton

12395, Sophie

12395, L'abbé Protiste

12220,Blanche DuBois

12220, Stanley Kowalski

12220, Stella Kowalski

12220, Harold Mitch Mitchell

12220, Eunice Hubbel

12220, Steve Hubbel

12201,[]

12172,Antinoüs

12172, Trajan (emperor)

12172, Hadrian

12172, Vibia Sabina

12083,Edmund Tyrone

12083, Mary Tyrone

12083, James Tyrone

12083, Jamie Tyrone

12067,Aziraphale

12067, Adam Young

12067, Anathema Device

12067, Newt Pulsifer

12067, Shadwell

12067, Madame Tracy

12067, DEATH

12067, Crowley (Good Omens)

12067, Pippin Galadriel Moonchild (The Them)

12067, Brian (The Them)

12067, Wensleydale (The Them)

12067, Famine

12067, Pollution

12067, War

11991,Jean-Baptiste Clamence

11990,[]

11989,Raoul

11989, Dr Bernard Rieux

11989, Father Paneloux

11989, Joseph Grand

11989, Raymond Rambert

11989, Jean Tarrou

11989, Cottard

11989, M. Othon

11989, Garcia

11989, Gonzales

11989, Dr. Castel

11989, Dr. Richard

11989, Jacques Othon

11989, The Prefect

11989, Mme. Rieux

11989, Asthma Patient

11989, Marcel

11987,[]

11901,Rowan Mayfair

11901, Michael James Timothy Curry

11901, Aaron Lightner

11901, Lasher

11901, Deirdre Mayfair

11901, Stella Mayfair

11901, Mary Beth Mayfair

11901, Antha Mayfair

11901, Carlotta Mayfair

11901, Ellie Mayfair

11901, Julien Mayfair

11901, Marie Claudette Mayfair Landry

11901, Angélique Mayfair

11901, Katherine Mayfair

11901, Remy Mayfair

11901, Graham Franklin

11901, Lionel Mayfair

11901, Belle Mayfair

11901, Darcy Monahan

11901, Sean Lacy

11901, Petyr van Abel

11901, Deborah Mayfair de Montcleve

11901, Suzanne Mayfair

11901, Lestan Mayfair

11901, Marguerite Mayfair

11901, Tyrone Clifford McNamara

11901, Augustin Mayfair

11901, Jeannette Mayfair

11901, Cortland Mayfair

11901, Barclay Mayfair

11901, Garland Mayfair

11901, Corrington Mayfair

11901, Daniel McIntyre

11901, Nancy Mayfair

11901, Millie Mayfair

11901, Amanda Grady Mayfair

11901, Sean McIntyre

11901, Alice Mayfair

11899,Clarissa Vaughan

11899, Leonard Woolf

11899, Laura Brown

11899, Vanessa Bell

11899, Virginia Woolf

11899, Richard Brown

11899, Sally (The Hours)

11899, Louis Waters

11899, Dan Brown (The Hours)

11768,John Berry

11768, Franny Berry

11768, Frank Berry

11768, Win Berry

11768, Lilly Berry

11761,Brian Glassic

11761, Nick Shay

11761, Klara Sax

11761, Mario Badalato

11761, Lenny Bruce

11761, George Manza

11761, Cotter Martin

11741,[]

11734,Coleman Silk

11734, Nathan Zuckerman

11734, Faunia Farley

11734, Lester Farley

11734, Delphine Roux

11734, Lisa Silk

11734, Ernestine Silk

11734, Nelson Primus

11734, Iris Silk

11734, Steena Palsson

11734, Mark Silk

11734, Jeff Silk

11734, Herb Keble

11734, Arthur Sussman

11713,Kip

11713, Hana

11713, Geoffrey Clifton

11713, Katharine Clifton

11713, David Caravaggio

11713, Ladislaus de Almásy

11713, Gyges of Lydia

11713, Candaules of Lydia

11650,Nathan Zuckerman

11650, Seymour Levov

11650, Meredith Levov

11650, Jerry Levov

11650, Dawn Dwyer

11590,Benjamin Mears

11590, Susan Norton

11590, Matt Burke

11590, Mark Petrie

11590, Father Donald Callahan

11590, Mike Ryerson

11590, Dr James Cody

11590, Richard Throckett Straker

11590, Danny Glick

11590, Larry Crockett

11590, Sonny James

11590, Charles Boone

11590, Loretta Starcher

11590, Weasel Craig

11590, Larry McLeod

11590, Joe Crane

11590, June Petrie

11590, Hal Griffen

11590, Dud Rogers

11590, Cynthia Stowens

11590, Buddy Bascomb

11590, Nolly Gardener

11590, Tookey

11590, Miss Coogan

11590, Royal Snow

11590, Harriet Durham

11588,Wendy Torrance

11588, Danny Torrance

11588, Dick Halloran

11588, Horace Derwent

11588, Delberg Grady

11588, Jack Torrance

11573,Johnny Smith

11573, Greg Stillson

11573, Frank Dodd

11573, American Law Enforcement

11566,John Coffey

11566, Paul Edgecomb

11566, Percy Wetmore

11566, Brutus Howell

11566, American Law Enforcement

11507,[]

11499,Reuven Malter

11499, Danny Saunders

11376,Carol Milford

11376, Will Kennicott

11346,Nel Wright Greene

11346, Sula Peace

11346, Helene Wright

11346, Eva Peace

11346, Hannah Peace

11337,Pauline Breedlove

11337, Cholly Breedlove

11337, Pecola Breedlove

11334,[]

11297,Toru Watanabe

11297, Naoko

11297, Midori Kobayashi

11297, Reiko Ishida

11297, Nagasawa

11275,Toru Okada

11275, Kumiko Okada

11275, Noboru Wataya

11275, Malta Kano

11275, May Kasahara

11275, Creta Kano

11275, Tokutaro Mamiya

11275, Nutmeg Akasaka

11275, Cinnamon Akasaka

11275, Boris Gromov

11275, Ushikawa

11127,Polly

11127, Aslan

11127, Lucy Pevensie

11127, Edmund Pevensie

11127, Eustace Scrubb

11127, Prince Caspian

11127, Jill Pole

11127, Prince Rilian

11127, Puddleglum

11127, Trumpkin

11127, Jewel

11127, Aravis

11127, Mr. Tumnus

11127, Puzzle

11127, King Tirian

11127, Digory Kirke

11127, Peter Pevensie

11127, Susan Pevensie

11127, Reepicheep

11127, Jadis

11127, Bacchus (god)

11127, Mr. & Mrs. Beaver

11127, Andrew Kirke

11127, Shasta

11127, Silenus

11127, Nikabrik

11127, King Miraz

11127, Dr. Cornelius

11127, Trufflehunter

11127, Shift

11012,Maria

11012, Bantam Lyons

11012, John Corley

11012, Fr. Flynn

11012, Jimmy Doyle

11012, Matthew Lenehan

11012, Mrs. Mooney

11012, Polly Mooney

11012, Mr. Doran

11012, Little Chandler

11012, Ignatius Gallaher

11012, Farrington

11012, Tom Farrington

11012, Joe Donnelly

11012, Mr. Duffy

11012, Mrs. Sinico

11012, Charles Stewart Parnell

11012, Mrs. Kearney

11012, Kathleen Kearney

11012, Mr. Kernan

11012, Gabriel Conroy

10988,Jamie Fraser

10988, Brianna Randall

10988, Roger MacKenzie

10988, Fergus Fraser

10988, Marsali Fraser

10988, Ian Murray

10988, Claire Randall Fraser

10988, Geillis Duncan

10988, Stephen Bonnet

10988, Young Ian Murray

10988, Duncan Innes

10987,Jamie Fraser

10987, Brianna Randall

10987, Roger MacKenzie

10987, Fergus Fraser

10987, Marsali Fraser

10987, Ian Murray

10987, Lord John Grey

10987, Claire Randall Fraser

10987, Geillis Duncan

10987, Jenny Murray

10987, Stephen Bonnet

10987, Young Ian Murray

10987, William Ransom

10987, Laoghaire MacKenzie

10987, Mr. Willoughby

10987, Joan MacKimmie

10987, Michael Murray

10979,Lena Grove

10979, Lucas Burch

10979, Byron Bunch

10979, Joe Christmas

10979, Joanna Burden

10979, Reverend Gail Hightower

10979, Eupheus Doc Hines

10975,Dilsey Gibson

10975, Quentin Compson III

10975, Jason Compson IV

10975, Caroline Bascomb Compson

10975, Candace Caddy Compson

10975, Benjamin Benjy Compson

10975, Miss Quentin Compson

10975, Luster

10975, Jason Compson III

10964,Jamie Fraser

10964, Ian Murray

10964, Claire Randall Fraser

10964, Jonathan Randall

10964, Dougal MacKenzie

10964, Colum MacKenzie

10964, Geillis Duncan

10964, Jenny Murray

10964, Frank Randall

10964, Laoghaire MacKenzie

10964, Murtagh Fraser

10959,Charles Darwin

10959, Cecilia Skotbu

10959, Malaikat Ariel

10959, Plato

10959, Aristotle (philosopher)

10959, Thomas Aquinas

10959, René Descartes

10959, George Berkeley

10959, John Locke

10959, David Hume

10959, St. Augustine

10959, Baruch Spinoza

10959, Sofie Amundsen

10959, Jorunn

10959, Jesus

10959, Immanuel Kant

10959, Socrates (philosopher)

10959, Sigmund Freud

10959, Karl Marx

10956,Cecilia Lisbon

10956, Lux Lisbon

10956, Mary Lisbon

10956, Therese Lisbon

10956, Bonnie Lisbon

10920,William W. P. Inman

10920, Ada Monroe

10920, Ruby Thewes

10799,Frederic Henry

10799, Catherine Barkley

10799, Rinaldi

10739,John Bickerton Bolling

10739, Scott Bolling

10739, Kate Cutrer

10739, Uncle Jules

10739, Aunt Emily

10739, Merle

10739, Lonnie

10625,[]

10614,Paul Sheldon

10614, Annie Wilkes

10605,Billy Halleck

10605, Heidi Halleck

10605, Linda Halleck

10605, Taduz Lemke

10605, Gina Lemke

10605, Richie Ginelli

10592,Carrie White

10592, Margaret White

10592, Tommy Ross

10592, Chris Hargensen

10592, Sue Snell

10592, Rita Desjardin

10592, Billy Nolan

10572,Brandon Stark

10572, Catelyn Stark

10572, Tyrion Lannister

10572, Daenerys Targaryen

10572, Eddard Stark

10572, Theon Greyjoy

10572, Robb Stark

10572, Arya Stark

10572, Jaime Lannister

10572, Joffrey Baratheon

10572, Tywin Lannister

10572, Stannis Baratheon

10572, Melisandre

10572, Davos Seaworth

10572, Lysa Arryn

10572, Petyr Baelish

10572, Sansa Stark

10572, Varys

10572, Hodor

10572, Brienne of Tarth

10572, Rickon Stark

10572, Rhaego

10572, Gendry

10572, Edric Storm

10572, Lord High Captain Ser Imry Florent

10572, Selyse Baratheon

10572, Shireen Baratheon

10572, Margaery Tyrell

10572, Mace Tyrell

10572, Ser Garlan Tyrell

10572, Myrcella Baratheon

10572, R'hllor

10572, Hoster Tully

10572, Ser Brynden Tully

10572, Jeor Mormont

10572, Maester Cressen

10572, Maester Pylos

10572, PatchFace

10572, Lord Steffon Baratheon

10572, Cassana Baratheon

10572, Aerys Targaryen II

10572, Ser Harbert

10572, Lord Gulian Swann

10572, Ser Cortnay Penrose

10572, Lord Selwyn the Evenstar

10572, Beric Dondarrion

10572, Thoros of Myr

10572, Bryce Caron

10572, Paxter Redwyne

10572, Ardrian Celtigar

10572, Monford Velaryon

10572, Duram Bar Emmon

10572, Salladhor Saan

10572, Guncer Sunglass

10572, Willem Darry

10572, Robert Arryn

10572, Ser Axell Florent

10572, Syrio Forel

10572, Lommy Greenhands

10572, Hot Pie

10572, Praed

10572, Jaqen H'ghar

10572, Rorge

10572, Reysen

10572, Cutjack

10572, Woth

10572, Gerren

10572, Urreg

10572, Ser Ilyn Payne

10572, Ser Arys Oakheart

10572, Ser Boros Blount

10572, Ser Meryn Trant

10572, Ser Mandon Moore

10572, Ser Preston Greenfield

10572, Ser Gregor Clegane

10572, Lord Gyles Rosby

10572, Tanda Stokeworth

10572, Lollys Stokeworth

10572, Falyse Stokeworth

10572, Jalabhar Xho

10572, Ermesande Hayford

10572, Tyrek Lannister

10572, Ser Hobber Redwyne

10572, Ser Horas Redwyne

10572, Ser Balon Swann

10572, Morros Slynt

10572, Janos Slynt

10572, Lothor Brune

10572, Dontos Hollard

10572, Ser Aron Santagar

10572, Old Nan

10572, Septa Mordane

10572, Lord Bronn

10572, Timett son of Timett

10572, Shagga son of Dolf

10572, Chella daughter of Cheyk

10572, Tysha

10572, Vardis Egen

10572, Ser Barristan Selmy

10572, Lancel Lannister

10374,[]

10365,Billy Colman

10365, Old Dan

10365, Little Ann

10222,[]

10037,[]

9998,Niki Jumpei

9822,Mrs. Frisby

9822, Nicodemus

9822, Justin.

9820,Sally Morgan

9820, Larry Morgan

9820, Sid Lang

9820, Charity Lang

9784,Gudrun Brangwen

9784, Ursula Brangwen

9784, Gerald Crich

9777,Rahel

9777, Ammu

9777, Mammachi

9777, Chacko

9777, Estha

9777, Velutha

9777, Baby Kochamma

9717,Sabine

9717, Franz

9717, Tomáš

9717, Tereza

9717, Karenin

9712,Fermina Daza

9712, Florentino Ariza

9712, Juvenal Urbino

9712, Lorenzo Daza

9712, Aunt Escolástica

9712, Hildebranda Sánchez

9712, Trànsito Ariza

9712, Leona Cassiani

9712, América Vicuna

9646,George Orwell

9646, Patrick O'Hara

9646, Douglas Thompson

9646, Bob Smillie

9646, Paddy Donovan

9646, Georges Kopp

9646, Reg Hiddlestone

9646, Douglas Moyle

9593,Kilgore Trout

9593, Leon Trotsky Trout

9593, James Wait

9593, Andrew MacIntosh

9592,Howard W. Campbell Jr.

9590,Kilgore Trout

9590, Eliot Rosewater

9590, Norman Mushari

9590, Senator Lister Ames Rosewater

9590, Mary Moody

9570,[]

9566,[]

9375,Ruth

9375, Mrs. Ninny Threadgoode

9375, Evelyn Couch

9375, Idgie

9370,[]

9328,Esteban Trueba

9328, Clara del Valle

9328, Férula Trueba

9328, Blanca Trueba

9328, Jaime Trueba

9328, Nicolàs Trueba

9328, Pedro Tercero Garcia

9328, Alba Trueba

9328, Esteban Garcia

9014,Ray Garraty

9014, Peter McVries

9014, Stebbins

9014, Arthur Baker

9014, Hank Olson

9014, Gary Barkovitch

9014, Collie Parker

9014, Scramm

8921,Charles Baskerville

8921, Henry Baskerville

8921, James Mortimer

8921, Eliza Barrymore

8921, Mr. Perkins

8921, Mr. Frankland

8921, Jack Stapleton

8921, Beryl Stapleton

8921, James Desmond

8921, Johna Clayton

8921, Mr. Selden

8921, Laura Lyons

8921, John Watson

8921, John Barrymore (Conan Doyle)

8921, Dr. John Watson

8921, Sherlock Holmes

8837,[]

8737,[]

8682,[]

8337,Laura Ingalls Wilder

8337, Caroline Quiner Ingalls

8337, Charles Ingalls

8337, Mary Ingalls

8282,Laura Ingalls Wilder

8282, Caroline Quiner Ingalls

8282, Charles Ingalls

8282, Mary Ingalls

8282, Carrie Ingalls

8282, Grace Ingalls

8282, Almanzo Wilder

8248,Laura Ingalls Wilder

8248, Caroline Quiner Ingalls

8248, Charles Ingalls

8248, Mary Ingalls

8248, Carrie Ingalls

8248, Grace Ingalls

8127,Marilla Cuthbert

8127, Matthew Cuthbert

8127, Diana Barry

8127, Gilbert Blythe

8127, Rachel Lynde

8127, Anne Shirley

8127, Jane Andrews

8127, Ruby Gillis

8127, Josie Pye

8127, Prissy Andrews

8127, Mr. Phillips

8127, Mrs. Allan

8127, Muriel Stacey

8073,[]

7996,[]

7967,Andrew Wiggin

7882,Laura Ingalls Wilder

7882, Caroline Quiner Ingalls

7882, Charles Ingalls

7882, Mary Ingalls

7882, Carrie Ingalls

7882, Nellie Oleson

7882, Eva Beadle

7805,John Shade

7805, Sybil (Nabokov)

7805, Charles Kinbote

7805, Botkin

7805, Gradus

7805, Jack Grey

7805, Judge Goldsworth

7784,Lorax

7784, Swomee-Swans

7784, Brown Bar-ba-loots

7784, Humming-Fishes

7779,Horton the Elephant

7770,[]

7763,Suyuan Woo

7763, June Woo

7763, Lindo Jong

7763, Waverly Jong

7763, An-Mei Hsu

7763, Rose Hsu Jordan

7763, Ying-Ying St. Clair

7763, Lena St. Clair

7745,Hunter S. Thompson

7742,Captain Ahab

7742, Frederick Douglass

7742, Una Spenser

7742, Kit Sparrow

7742, Giles Bonebright

7714,Henry Higgins

7714, Eliza Doolittle

7714, Colonel Pickering

7714, Alfred P. Doolittle

7714, Mrs. Pearce

7714, Mrs. Higgins

7714, Freddy Eynsford-Hill

7714, Clara Eynsford-Hill

7714, Mrs. Eynsford-Hill

7629,Josef Švejk

7629, Palivec

7629, Bretschneider

7629, Staff Warder Slavík

7629, Chaplain Otto Katz

7629, Lieutenant Lukáš

7629, Colonel Friedrich Kraus von Zillergut

7629, Captain Sagner

7629, Colonel Schröder

7629, Jurajda

7629, 2nd Lieutenant Dub

7629, Quartermaster Sergeant-Major Vaněk

7629, Volunteer Marek

7629, Vodička

7629, Cadet Biegler

7629, Captain Tayrle

7629, General Fink von Finkenstein

7629, Chaplain Martinec

7629, Sergeant Teveles

7629, Baloun

7628,John Dowell

7628, Edward Ashburnham

7628, Leonora Ashburnham

7628, Nancy Rufford

7628, Florence Dowell

7628, Bagshawe

7628, Maisie Maidan

7624,Ralph

7624, Piggy

7624, Roger

7624, Jack Merridew

7624, Simon

7604,Humbert Humbert

7604, Dolores “Lolita” Haze

7604, Charlotte Haze

7604, Clare Quilty

7588,Stephen Dedalus

7588, Simon Dedalus

7588, Fr. John Conmee

7588, Mary Dedalus

7572,[]

7442,Ken Kesey

7437,[]

7354,Quoyle

7354, Petal Bear

7354, Bunny

7354, Sunshine

7354, Agnis Hamm

7354, Jack Buggit

7354, Dennis Buggit

7354, Beety Buggit

7354, Wavey Prowse

7354, Billy Pretty

7354, Tert Card

7354, B. Beaufield Nutbeem

7332,Gandalf

7332, Saruman

7332, Elrond Half-elven

7332, Galadriel

7332, Finwë

7332, Fingolfin

7332, Celebrian

7332, Bregor

7332, Beren

7332, Túrin Turambar

7332, Húrin Thalion

7332, Niënor

7332, Glaurung

7332, Fëanor

7332, Tuor

7332, Lúthien

7332, Morgoth

7244,Orleanna Price

7244, Ruth May Price

7244, Rachel Rebeccah Price

7244, Leah Price

7244, Nathan Price

7244, Dr Bud Wharton

7244, Adah Price

7244, Reverend & Mrs. Underdown

7073,[]

6952,Tita de la Garza

6952, Gertrudis de la Garza

6952, Rosaura de la Garza

6952, Mamá Elena

6952, Pedro Muzquiz

6952, John Brown

6952, Nacha

6952, Chencha

6952, Juan Alejandrez

6900,Mitch Albom

6900, Morrie Schwartz

6882,[]

6759,Hal Incandenza

6759, Joelle Van Dyne

6759, Michael Pemulis

6759, Mario Incandenza

6759, Ken Erdedy

6759, Avril Incandenza

6759, Orin Incandenza

6759, Randy Lenz

6759, Ortho Stice

6759, Tiny Ewell

6759, Poor Tony Krause

6759, Clenette Henderson

6759, Remy Marathe

6759, Hugh Steeply

6759, Pat Montesian

6759, Ann Kittenplan

6759, Trevor Axford

6759, LaMont Chu

6759, Geoffrey Day

6759, Gerhardt Schtitt

6759, Ted Schacht

6759, Dr. James Orin Incandenza

6759, Katherine Ann Gompert

6759, Dr. Charles Tavis

6759, Mildred L. Bonk

6759, Harriet Bonk-Green

6759, Jim Troelsch

6759, Donald W. Gately

6759, Bruce Green

6759, Emil Minty

6759, Lyle

6689,James Henry Trotter

6551,Moses Elkanah Herzog

6551, Miss Schwartz

6551, Harvey Simkin

6551, June Herzog

6551, Himmelstein

6551, Gersbach

6551, Madeleine (Herzog)

6551, Ramona (Herzog)

6514,Esther Greenwood

6514, Buddy Willard

6514, Joan Gilling

6319,the Big Friendly Giant

6319, Queen Elizabeth II

6319, Sophie (the BFG)

6319, The Fleshlumpeater

6319, The Bonecruncher

6319, The Manhugger

6319, The Childchewer

6319, The Meatdripper

6319, The Gizzardgulper

6319, The Maidmasher

6319, The Bloodbottler

6319, The Butcher Boy

6319, Mary (the BFG)

6319, Mr. Tibbs (the BFG)

6310,Charlie Bucket

6310, Willy Wonka

6310, Violet Beauregarde

6310, Veruca Salt

6310, Augustus Gloop

6310, Mike Teavee

6310, Grandpa Joe

6295,[]

6294,Wizard Howl

6294, Sophie Hatter

6294, Calcifer

6294, Witch of the Waste

6294, Lily Angorian

6294, Michael Fisher

6259,Stephen Wraysford

6259, Isabelle Azaire

6259, Elizabeth Benson

6217,Kristin Lavransdattar

6194,The Magistrate

6192,David Lurie

6192, Lucy Lurie

6192, Petrus

6192, Bev Shaw

6192, Melanie Isaacs

6174,Primo Levi

6150,Stephen Kumalo

6150, Absalom Kumalo

6150, Msimangu

6150, James Jarvis

6149,Baby Suggs

6149, Sethe

6149, Beloved

6149, Paul D

6149, Denver

6149, Stamp Paid

6149, Sixo

6149, Halle

6149, Schoolteacher

5954,[]

5932,[]

5907,Gandalf

5907, Bilbo Baggins

5907, Thorin Oakenshield

5907, Smaug

5907, Elrond Half-elven

5907, Gollum

5907, Dwalin

5907, Balin

5907, Kili

5907, Fili

5907, Dori

5907, Ori

5907, Nori

5907, Oin

5907, Gloin

5907, Bifur

5907, Bofur

5907, Bombur

5907, Beorn

5907, Bard the Bowman

5809,Pig Bodine

5805,Evey Hammond

5805, Adam Susan

5805, Eric Finch

5805, Lewis Prothero

5805, V

5787,Cruz

5659,Badger

5659, Otter

5659, Mole

5659, Rat

5659, Toad

5544,Richard Feynman

5527,Willie Stark

5527, Jack Burden

5527, Tiny Duffy

5527, Adam Stanton

5527, Anne Stanton

5527, Judge Montague Irwin

5527, Ellis Burden

5527, Sadie Burke

5527, Tom Stark

5527, Gummy Larson

5527, Lucy Stark

5527, Sugar-Boy O'Sheean

5527, Cass Mastern

5517,Walter Younger

5517, Ruth Younger

5517, Beneatha Younger

5517, Lena Younger

5517, Travis Younger

5472,[]

5439,Dev Connolly

5439, Elliot

5439, Miranda

5439, Shobha

5439, Lilia

5439, Shukumar

5439, Mr. Pirzada

5439, Mr. Das

5439, Mrs. Das

5439, Mr. Kapasi

5439, Boori Maa

5439, Mrs. Dalal

5439, Laxmi

5439, Mrs. Sen

5439, Sanjeev

5439, Twinkle

5359,Mark Sway

5359, Reggie Love

5359, Barry Muldanno

5359, F. Denton Voyles

5359, Dianne Sway

5359, Ricky Sway

5359, Jerome Clifford

5359, Roy Foltrigg

5359, Harry Roosevelt

5359, Clint Van Hooser

5359, Thomas Fink

5359, Slick Moeller

5359, Jason McThune

5359, Larry Trumann

5359, Willis Upchurch

5359, Wally Boxx

5359, Paul Gronke

5359, Johnny Sulari

5359, K. O. Lewis

5359, Cal Sisson

5359, Jack Nance

5359, George Ord

5359, Chester Tanfill

5359, Boyd Boyette

5359, Gill Teal

5359, Skipper Scherff

5359, David Sharpinski

5358,Mitchell Y. Mitch McDeere

5358, Abby McDeere

5358, Ray McDeere

5349,Rudy Baylor

5349, J. Lyman Stone

5349, Deck Shifflet

5349, Leo F. Drummond

5349, Kelly Riker

5308,Kino

5308, Juana

5308, Coyotito

5308, Juan Tomas

5308, Apolonia

5246,Ethan Frome

5246, Mrs. Hale

5246, Zeena Frome

5246, Mattie Silver

5246, Mrs. Ned Hale

5246, Denis Eady

5246, Jotham Powell

5246, Harmon Gow

5246, Michael Eady

5246, Lawyer Varnum

5246, Ned Hale

5246, Orin Silver

5246, Andrew Hale

5246, Aunt Martha Pierce

5246, Mrs. Frome

5246, Mrs. Homan

5246, Dr. Buck

5246, Eliza Spears

5246, Aunt Philura Maple

5246, Daniel Byrne

5246, Dr. Kidder

5246, Mrs. Varnum

5211,Maneck Kohlah

5211, Omprakash Darji

5211, Ishvar Darji

5211, Dina Dalal

5211, Rustom Dalal

5211, Nusswan Shroff

5211, Vasantrao Valmik

5211, Thakur Dharamsi

5211, Ashraf Chacha

5211, Rajaram

5211, Shankar

5211, Beggar Master

5203,[]

5197,[]

5174,[]

5148,Gene Forrester

5148, Phineas

5129,John (Brave New World)

5129, Bernard Marx

5129, Lenina Crowne

5129, Helmholtz Watson

5129, Mustapha Mond

5129, The Warden

5129, Pope

5129, Linda (Brave New World)

5129, Fanny Crowne

5129, The Director

5129, The Arch-Community Songster

5113,Franny Glass

5113, Zooey Glass

5113, Buddy Glass

5113, Lane Coutell

5113, Bessie Glass

5043,Thomas Becket

5043, Henry II of England

5043, Tom Builder

5043, Prior Philip

5043, Aliena

5043, Jack Jackson

5043, Stephen of England

5043, Empress Matilda

5043, William Hamleigh

5043, Ellen

5043, Richard of Kingsbridge

5043, Alfred Builder

5043, Waleran Bigod

5043, Lord Percy Hamleigh

5043, Lady Regan Hamleigh

5043, Remigius

4989,Isaac (Bible)

4989, Dinah (Bible)

4989, Jacob (bible - son of Isaac)

4982,Winston Niles Rumfoord

4982, Malachi Constant (Unk)

4982, Salo

4982, Boaz

4982, Beatrice Rumfoord (Bee)

4982, Chrono

4982, Stony Stevenson

4982, Noel Constant

4982, Ransom K. Fern

4981,Billy Pilgrim

4981, Kilgore Trout

4981, Eliot Rosewater

4981, Roland Weary

4981, Paul Lazzaro

4981, Edgar Derby

4981, Robert Pilgrim

4981, Valencia Merble

4981, Barbara Pilgrim

4981, Howard W. Campbell Jr.

4981, Montana Wildhack

4981, Bertam Copeland Rumfoord

4980,Kilgore Trout

4980, Eliot Rosewater

4980, Rabo Karabekian

4980, Dwayne Hoover

4980, Francine Pefko

4980, Kazak

4980, Wayne Hoobler

4980, Cyprian Ukwende

4980, Celia Hoover

4980, Harry LeSabre

4980, Bunny Hoover

4980, Beatrice Keedlser

4980, Bonnie MacMahon

4953,[]

4948,[]

4865,[]

4799,Eddie

4799, Doc Bradley Stanwick

4799, Dora

4799, Lee Chong

4799, Mack

4799, Hughie

4799, Gay

4799, Hazel

4799, Eddie

4799, Doc

4799, Dora

4799, Lee Chong

4799, Mack

4799, Cannery Row

4796,Danny Taylor

4796, Mr. Baker

4796, Ethan Allen Hawley

4796, Joey Morphy

4796, Margie Young-Hunt

4796, Alfio Maurello

4796, Mary Hawley

4796, Allen Hawley

4796, Ellen Hawley

4687,Dr. Wilbur Larch

4687, Candy Kendall

4687, Wally Worthington

4687, Rose Rose

4687, Homer Wells

4671,Nick Carraway

4671, Jay Gatsby

4671, Daisy Buchanan

4671, Tom Buchanan

4671, Jordan Baker

4671, Myrtle Wilson

4671, Meyer Wolfsheim

4671, George Wilson

4631,F. Scott Fitzgerald

4631, Ezra Pound

4631, Aleister Crowley

4631, Gertrude Stein

4631, Wyndham Lewis

4631, Hadley Richardson Hemingway

4631, Blaise Cendrars

4631, Zelda Fitzgerald

4473,Owen Meany

4473, John Wheelwright

4271,Will Freeman

4271, Fiona Waters

4271, Ellie

4137,David Sedaris

4069,[]

4009,Seymour Glass

4009, Beatrice Glass Tannenbaum

3985,Joe Kavalier

3985, Sam Clay

3985, Rosa Saks

3876,Jake Barnes

3876, Brett Ashley

3876, Robert Cohn

3876, Michael Campbell

3876, Bill Gorton

3876, Pedro Romero

3869,[]

3698,Thomas Fowler

3698, Alden Pyle

3698, Phuong

3698, Vigot

3692,Major Scobie

3692, inspector Wilson

3692, Pemberton

3692, Yusef

3690,The whisky priest

3690, Maria

3690, Padre José

3690, Captain Fellows

3690, Coral Fellows

3690, Mr. Tench

3636,Rosemary (Lois Lowry)

3636, Jonas (Lois Lowry)

3636, The Giver (Lois Lowry)

3636, Gabriel (Lois Lowry)

3636, Asher (Lois Lowry)

3636, Fiona (Lois Lowry)

3636, Mother (Lois Lowry)

3636, Father (Lois Lowry)

3636, The Chief Elder (Lois Lowry)

3636, Lily (Lois Lowry)

3473,Landon Carter

3473, Jamie Sullivan

3446,[]

3412,Ralph de Bricassart

3412, Meghann Meggie Cleary

3412, Luke O'Neill

3412, Fiona Fee Cleary

3412, Padraic Paddy Cleary

3412, Francis Frank Cleary

3412, Dane O'Neill

3412, Justine O'Neill

3412, Mary Elizabeth Cleary Carson

3412, Rainer Rain Moerling Hartheim

3412, Luddie Mueller

3412, Anne Mueller

3412, Archbishop (later Cardinal) Vittorio di Contini-Verchese

3412, Bob Cleary

3412, Jack Cleary

3412, Hughie Cleary

3412, Stuart Stu Cleary

3412, James and Patrick Jims and Patsy Cleary

3412, Harold Hal Cleary

3388,Pelagia

3388, Antonio Corelli

3388, Mandras

3388, Dr Iannis

3378,[]

3140,Franz Ferdinand

3140, Karađorđe Petrović

3140, Sokollu Mehmed Pasha

3140, Abidaga

3140, Fata Avdagina

3140, Radisav

3140, Alihodja Mutevelić

3140, Osman Effendi Karamanli

3140, the man from Plvelje

3140, Pop Nikola

3140, Mula Ibrahim

3140, Arif Beg

3140, Shemsibeg Branković

3140, Milan Glasinčanin

3140, Lotte Apfelmaier

3140, Gregor Fedun

3140, Janko Stiković

3140, Fehim Bhatijarević

3140, Nikola Glasičanin

3140, Zorka

3087,Lucy Honeychurch

3087, Charlotte Bartlett

3087, George Emerson

3087, Mr. Emerson

3087, Rev. Arthur Beebe

3087, Eleanor Lavish

3087, Cecil Vyse

3087, Freddy Honeychurch

3087, Rev. Cuthbert Eager

3087, Miss Alan

2998,Mary Lennox

2998, Colin Craven

2998, Dickon Sowerby

2998, Martha Sowerby

2998, Ben Weatherstaff

2998, Archibald Craven

2998, Susan Sowerby

2998, Mrs. Medlock

2998, Dr. Craven

2865,Johannes Vermeer

2865, Griet

2865, Pieter van Ruijven

2865, Catharina Bolnes

2865, Maria Thins

2865, Tanneke

2865, Pieter (Girl with a pearl earring)

2865, Antonie van Leeuwenhoek

2794,Oedipa Maas

2794, Pierce Inverarity

2794, Wendell Mucho Maas

2794, Stanley Koteks

2767,[]

2666,Sherman McCoy

2666, Peter Fallow

2666, Jimmy Caughey

2666, Huck Thigg

2666, Alex Britt-Withers

2666, Asher Herzfeld

2666, Gil Archer

2666, Baron Hochswald

2666, Linwood Talley

2666, Brian Highridge

2666, Nick Stopping

2666, Mike Bellavita

2666, Lewis Sanderson

2666, Ferdinand Arguello

2666, Warren Bottomley

2666, Bernard Levy

2666, Annie Lamb

2666, Greg Rosenwald

2666, Guliaggi

2666, Red Pitt

2666, Gloria Dawson

2666, Eugene Lopwitz

2666, Caroline Heftshank

2666, John Campbell McCoy

2666, St. John Thomas

2666, Kate di Ducci

2666, Miss Lyons

2666, Arthur Ruskin

2666, Irv Stone

2657,Scout Finch

2657, Atticus Finch (The Sanibel Sunset Detective Returns)

2657, Jem Finch

2657, Arthur Radley

2657, Mayella Ewell

2657, Aunt Alexandra

2657, Bob Ewell

2657, Calpurnia (housekeeper)

2657, Tom Robinson

2657, Miss Maudie Atkinson

2657, Judge John Taylor

2657, Dill Harris

2657, Heck Tate

2657, Stephanie Crawford

2547,Al Mustafa

2547, Al Mitra

2517,Kara

2517, Şeküre

2517, Kelebek

2517, Leylek

2517, Enişte Efendi

2517, Zarif

2517, Şevket

2517, Orhan

2517, Hasan (My Name is Red)

2517, Üstat Osman Efendi

2517, Esther (My name is red)

2517, Zeytin

2279,Harry S. Truman

2279, Thomas E. Dewey

2165,Santiago

2165, Manolin

2122,Howard Roark

2122, Peter Keating

2122, Ellsworth Toohey

2122, Dominique Francon

2054,Candy

2054, Philip Marlowe

2054, Roger Wade

2054, Eileen Wade

2054, Sewell Endicott

2054, Terry Lennox

2054, Howard Spencer

2054, Harlan Potter

2054, Linda Loring

2054, Dr. Edward Loring

2054, Dr. Verringer

2054, Bernie Ohls

2054, George Peters

2054, Mendy Menendez

2054, Chick Agostino

2054, Lonnie Morgan

2054, Sergeant Green

2054, Captain Gregorius

2054, Detective Dayton

2054, Mr. Grenz

2054, Dr. Lester Vukanich

2054, Dr. Amos Varley

2052,Philip Marlowe

2052, Vivian Regan

2052, Carmen Sternwood

2052, General Guy Sternwood

2052, Eddie Mars

2052, Rusty Regan

2052, Arthur Gwynn Geiger

2052, Owen Taylor

2052, Agnes Lozelle

2052, Joe Brody

2052, Harry Jones

2052, Mona Mars

2052, Carol Lundgren

2052, Lash Camino

2052, Bernie Ohls

1852,Buck

1852, Spitz

1852, John Thornton

1852, Francois (The Call of the Wild)

1852, Perrault (The Call of the Wild)

1848,[]

1845,Christopher McCandless

1842,[]

1624,Beryl Markham

1617,Elie Wiesel

1617, Shlomo Wiesel

1295,Ayla

1295, Brun

1295, Broud

1295, Mog-Ur

1295, Iza

960,Vittoria Vetra

960, Robert Langdon

960, Leonardo Vetra

960, Gunther Glick

960, Maximilian Kohler

960, Camerlengo Carlo Ventresca

929,Sayuri Nitta

929, Mr. Bekku

929, Ichiro Tanaka

929, Dr. Crab

929, Hatsumono

929, Mameha

929, Ken Iwamura

929, Pumpkin

929, Toshikazu Nobu

902,Samuel W. Westing

902, Turtle Wexler

902, Flora Baumbach

902, Christos Theodorakis

902, Denton Deere

902, J.J. Ford

902, Alexander McSouthers

902, Grace Wexler

902, James Hoo

902, Berthe Erica Crowe

902, Otis Amber

902, Douglas Hoo

902, Theo Theodorakis

902, Sydelle Pulaski

902, Angela Wexler

902, Sandy Hoo

902, Jake Wexler

890,George Milton

890, Lennie Small

890, Candy

890, Curley

890, Curley's Wife

890, Slim

890, Crooks

890, Whit

890, Carlson

667,Liberty

667, Equality

662,Prometheus (mythology)

662, Atlas

662, Dagny Taggart

662, John Galt

662, Hank Rearden

662, Francisco d'Anconia

662, James Taggart

629,Phaedrus

629, Sylvia Sutherland

629, John Sutherland

629, Chris

431,Peter Stillman

431, Daniel Quinn

431, Blue

431, Black

378,Tock

378, Humbug

378, Milo (Phantom Tollbooth)

350,Valentine Michael Smith

350, Jubal Harshaw

350, Gillian Boardman

350, Ben Caxton

343,Jean-Baptiste Grenouille

343, Giuseppe Baldini

343, Madame Gaillard

343, Jeanne Bussie

343, Father Terrier

343, Grimal

343, The Plum Girl

343, Chénier

343, Marquis de Taillade-Espinasse

343, Madame Arnulfi

343, Dominique Druot

343, Antoine Richis

343, Laure Richis

320,Úrsula Iguarán

320, Remedios Moscote

320, Remedios la bella Buendía

320, Fernanda del Carpio

320, Aureliano Buendía

320, José Arcadio Buendía

320, Amaranta Buendía

320, Amaranta Úrsula Buendía

320, Aureliano Babilonia

320, José Arcadio Segundo

320, Aureliano Segundo

320, Aureliano José

320, Pilar Ternera

320, Rebeca Buendía

320, Santa Sofía de la Piedad

320, Arcadio Buendía

320, José Arcadio Buendía

320, hijo

320, Meme Buendía

320, Petra Cotes

320, Pietro Crespi

320, Melquiades

320, Gerineldo Márquez

320, Mauricio Babilonia

275,Marguerite Duras

250,[]

249,[]

122,Doc Bradley Stanwick

122, Peekay

122, Geel Piet

122, Morris Levy

122, The Judge

122, Mrs. Boxall

122, Miss Bornstein

13,Zaphod Beeblebrox

13, Arthur Dent

13, Ford Prefect

13, Trillian

13, Marvin

13, the paranoid android

6,Sirius Black

6, Ron Weasley

6, Petunia Dursley

6, Vernon Dursley

6, Dudley Dursley

6, Severus Snape

6, Rubeus Hagrid

6, Lord Voldemort

6, Minerva McGonagall

6, Neville Longbottom

6, Fred Weasley

6, George Weasley

6, Percy Weasley

6, Ginny Weasley

6, Arthur Weasley

6, Molly Weasley

6, Cho Chang

6, Cornelius Fudge

6, Sybil Trelawney

6, Ludo Bagman

6, Bartemius Crouch

6, Bartemius Crouch

6, Jr.

6, Fleur Delacour

6, Cedric Diggory

6, Viktor Krum

6, Bellatrix Lestrange

6, Alastor Moody

6, Rita Skeeter

6, Charlie Weasley

6, Bill Weasley

6, Draco Malfoy

6, Albus Dumbledore

6, Harry Potter

6, Hermione Granger

5,Sirius Black

5, Ron Weasley

5, Petunia Dursley

5, Vernon Dursley

5, Dudley Dursley

5, Severus Snape

5, Rubeus Hagrid

5, Minerva McGonagall

5, Neville Longbottom

5, Fred Weasley

5, George Weasley

5, Percy Weasley

5, Ginny Weasley

5, Colin Creevey

5, Filius Flitwick

5, Pomona Sprout

5, Arthur Weasley

5, Molly Weasley

5, Cho Chang

5, Marjorie Dursley

5, Cornelius Fudge

5, Remus Lupin

5, Sybil Trelawney

5, Peter Pettigrew

5, Poppy Pomfrey

5, Stan Shunpike

5, Oliver Wood

5, Cedric Diggory

5, Dean Thomas

5, Seamus Finnigan

5, Rolanda Hooch

5, Katie Bell

5, Ernie Prang

5, Draco Malfoy

5, Albus Dumbledore

5, Harry Potter

5, Hermione Granger

5, Pansy Parkinson

3,Ron Weasley

3, Petunia Dursley

3, Vernon Dursley

3, Dudley Dursley

3, Severus Snape

3, Quirinus Quirrell

3, Rubeus Hagrid

3, Lord Voldemort

3, Minerva McGonagall

3, Neville Longbottom

3, Fred Weasley

3, George Weasley

3, Percy Weasley

3, Filius Flitwick

3, Pomona Sprout

3, Molly Weasley

3, Poppy Pomfrey

3, Oliver Wood

3, Parvati Patil

3, Dean Thomas

3, James Potter

3, Lily Potter

3, Seamus Finnigan

3, Garrick Ollivander

3, Rolanda Hooch

3, Katie Bell

3, Draco Malfoy

3, Albus Dumbledore

3, Dedalus Diggle

3, Harry Potter

3, Hermione Granger

3, Lavender Brown

